"x","y","glandid","subjectid"
2396,1074,1,23
2093,577,2,23
1085,1169,3,23
2318,253,4,23
2471,435,5,23
2132,167,6,23
467,1679,7,23
1432,1225,8,23
953,530,9,23
1273,1602,10,23
950,1669,11,23
2229,1937,12,23
1996,1196,13,23
1498,1318,14,23
2565,426,15,23
2508,1856,16,23
2307,1377,17,23
1995,6,18,23
1579,822,19,23
217,302,20,23
444,1543,21,23
1276,1724,22,23
2174,370,23,23
995,673,24,23
2198,1146,25,23
832,1815,26,23
1449,775,27,23
1131,1490,28,23
1397,210,29,23
532,823,30,23
1650,463,31,23
2067,1858,32,23
1913,126,33,23
1348,1268,34,23
1251,636,35,23
650,742,36,23
2465,285,37,23
854,362,38,23
805,214,39,23
929,236,40,23
1600,1533,41,23
1447,1074,42,23
1252,1244,43,23
782,1727,44,23
408,866,45,23
2340,486,46,23
1133,822,47,23
2204,258,48,23
1201,1137,49,23
1709,1246,50,23
1887,1837,51,23
1281,1420,52,23
1632,1663,53,23
981,358,54,23
2408,1398,55,23
1725,736,56,23
961,171,57,23
1053,25,58,23
1066,1726,59,23
1376,1341,60,23
1884,272,61,23
8,1099,62,23
2572,1571,63,23
1440,1514,64,23
1696,1105,65,23
2323,575,66,23
258,652,67,23
1503,724,68,23
992,1232,69,23
1897,881,70,23
909,469,71,23
1787,1801,72,23
2154,449,73,23
1646,105,74,23
237,1714,75,23
214,78,76,23
2379,385,77,23
1490,1409,78,23
697,656,79,23
123,1540,80,23
1215,1922,81,23
2449,82,82,23
297,821,83,23
1515,1105,84,23
2456,906,85,23
1952,722,86,23
539,274,87,23
1394,1756,88,23
2423,1337,89,23
2423,1234,90,23
1208,460,91,23
1843,1596,92,23
1164,9,93,23
2271,89,94,23
59,947,95,23
763,735,96,23
162,637,97,23
68,862,98,23
780,1030,99,23
1245,1549,100,23
2374,1728,101,23
496,1190,102,23
856,668,103,23
2319,1139,104,23
2409,21,105,23
2463,1466,106,23
964,757,107,23
626,223,108,23
959,98,109,23
627,1017,110,23
1669,838,111,23
2161,1859,112,23
819,1650,113,23
829,597,114,23
60,1805,115,23
426,430,116,23
1257,1018,117,23
304,96,118,23
1149,114,119,23
69,795,120,23
26,13,121,23
1465,254,122,23
658,1573,123,23
2273,384,124,23
2303,1652,125,23
608,1423,126,23
1479,1592,127,23
449,962,128,23
373,106,129,23
2228,623,130,23
431,1893,131,23
2015,984,132,23
516,1833,133,23
945,580,134,23
2127,52,135,23
2025,381,136,23
1276,1097,137,23
1994,626,138,23
563,1072,139,23
192,1230,140,23
283,912,141,23
1564,1221,142,23
1944,56,143,23
694,13,144,23
2321,1456,145,23
1256,962,146,23
776,334,147,23
1423,375,148,23
1570,218,149,23
35,508,150,23
367,1489,151,23
1965,1914,152,23
810,1117,153,23
1037,1599,154,23
1803,908,155,23
1316,1521,156,23
120,296,157,23
816,405,158,23
1281,1164,159,23
2350,1843,160,23
105,1752,161,23
2222,472,162,23
1972,1425,163,23
991,884,164,23
1793,742,165,23
369,336,166,23
1626,615,167,23
1107,517,168,23
2537,66,169,23
2590,1766,170,23
546,1483,171,23
1982,796,172,23
964,1438,173,23
15,598,174,23
1156,715,175,23
55,226,176,23
1781,985,177,23
529,179,178,23
849,1404,179,23
1744,1565,180,23
2459,1905,181,23
1938,1058,182,23
2389,716,183,23
2407,210,184,23
2009,1943,185,23
1463,1795,186,23
172,497,187,23
2568,1439,188,23
2066,857,189,23
1981,1791,190,23
885,1891,191,23
2575,921,192,23
905,890,193,23
817,105,194,23
740,1408,195,23
425,1332,196,23
2013,1575,197,23
2078,1715,198,23
206,714,199,23
1621,249,200,23
1647,1297,201,23
1635,1480,202,23
2322,1303,203,23
951,1849,204,23
2499,559,205,23
2361,154,206,23
1343,283,207,23
723,1891,208,23
189,944,209,23
1222,700,210,23
1302,103,211,23
2011,1285,212,23
595,1640,213,23
2357,1588,214,23
2288,1869,215,23
1381,479,216,23
177,1820,217,23
614,1197,218,23
253,1577,219,23
1127,1616,220,23
1882,694,221,23
181,357,222,23
1512,112,223,23
214,820,224,23
713,894,225,23
1062,1325,226,23
2092,1491,227,23
300,1002,228,23
649,1160,229,23
1718,147,230,23
269,384,231,23
1753,1657,232,23
1922,1011,233,23
740,117,234,23
1701,1647,235,23
1214,553,236,23
1556,691,237,23
2059,207,238,23
1865,2,239,23
1047,1841,240,23
2559,1678,241,23
2428,1534,242,23
131,1434,243,23
3,1406,244,23
2590,1881,245,23
133,1900,246,23
921,1756,247,23
2167,569,248,23
2401,1651,249,23
1536,983,250,23
2454,1633,251,23
717,1651,252,23
1804,199,253,23
1856,762,254,23
2093,788,255,23
684,1278,256,23
2108,666,257,23
612,339,258,23
1598,399,259,23
2543,749,260,23
1004,1124,261,23
1054,88,262,23
2380,635,263,23
1402,863,264,23
1276,29,265,23
145,86,266,23
1037,822,267,23
2252,335,268,23
999,474,269,23
1738,918,270,23
1095,615,271,23
255,1075,272,23
2375,318,273,23
1305,415,274,23
1650,771,275,23
162,576,276,23
1971,477,277,23
2551,1338,278,23
1706,425,279,23
1874,1489,280,23
938,1085,281,23
2495,708,282,23
1379,120,283,23
550,651,284,23
1635,6,285,23
296,1153,286,23
242,1499,287,23
638,956,288,23
965,1523,289,23
490,1105,290,23
2248,184,291,23
1830,417,292,23
660,573,293,23
108,141,294,23
1285,884,295,23
2279,819,296,23
259,1920,297,23
295,468,298,23
2157,98,299,23
875,8,300,23
1823,1222,301,23
2356,957,302,23
2478,979,303,23
776,1479,304,23
1694,798,305,23
2025,1046,306,23
2035,1385,307,23
1926,1112,308,23
1225,149,309,23
1140,1277,310,23
2338,856,311,23
1180,1718,312,23
2591,267,313,23
1666,554,314,23
2491,1390,315,23
2478,646,316,23
2207,1778,317,23
415,205,318,23
2166,1532,319,23
407,629,320,23
2480,1307,321,23
1537,1707,322,23
1702,558,323,23
681,304,324,23
2261,905,325,23
2084,1072,326,23
1867,1016,327,23
1913,1318,328,23
2028,708,329,23
140,1083,330,23
1706,273,331,23
56,1481,332,23
2224,564,333,23
1964,1704,334,23
444,1028,335,23
2200,1435,336,23
1391,1630,337,23
16,401,338,23
355,1315,339,23
1118,285,340,23
2286,32,341,23
92,676,342,23
1505,437,343,23
1816,1352,344,23
1984,123,345,23
556,1711,346,23
2069,287,347,23
2098,730,348,23
175,1011,349,23
1315,1846,350,23
85,409,351,23
1955,1637,352,23
1242,780,353,23
1158,1183,354,23
1159,1831,355,23
31,1351,356,23
1788,1072,357,23
301,1839,358,23
1505,521,359,23
2151,712,360,23
941,1942,361,23
1646,1895,362,23
1909,1202,363,23
476,1415,364,23
1893,597,365,23
297,260,366,23
190,1905,1,36
1262,700,2,36
2182,984,3,36
23,1867,4,36
1628,972,5,36
1729,1068,6,36
181,1789,7,36
1304,1894,8,36
1293,1679,9,36
2213,1104,10,36
1804,1937,11,36
1831,926,12,36
1094,1927,13,36
1780,1605,14,36
2011,1647,15,36
2065,653,16,36
104,793,17,36
2197,742,18,36
1895,1910,19,36
510,1886,20,36
1065,1374,21,36
1948,1500,22,36
1178,518,23,36
1965,978,24,36
1355,1477,25,36
1692,1600,26,36
2405,953,27,36
1008,1863,28,36
520,1628,29,36
658,1211,30,36
42,601,31,36
2221,1665,32,36
1970,1238,33,36
123,1631,34,36
2501,790,35,36
1971,1756,36,36
1380,1185,37,36
1320,1587,38,36
2483,78,39,36
2149,865,40,36
180,1523,41,36
242,1117,42,36
1640,422,43,36
801,67,44,36
57,1606,45,36
1769,149,46,36
2100,1322,47,36
1293,574,48,36
1180,271,49,36
73,152,50,36
476,821,51,36
2469,1501,52,36
314,24,53,36
2029,803,54,36
988,1436,55,36
2460,1060,56,36
970,57,57,36
2105,85,58,36
68,789,59,36
507,353,60,36
2454,653,61,36
2114,1920,62,36
134,893,63,36
1698,589,64,36
486,1417,65,36
2088,978,66,36
892,1753,67,36
144,1466,68,36
2107,765,69,36
726,1172,70,36
119,653,71,36
2117,549,72,36
2297,606,73,36
1898,1689,74,36
1596,1813,75,36
751,1392,76,36
1651,930,77,36
1714,927,78,36
2025,78,79,36
1077,65,80,36
90,1748,81,36
632,27,82,36
1338,711,83,36
1552,859,84,36
791,483,85,36
435,66,86,36
1827,451,87,36
1676,795,88,36
696,111,89,36
1882,1398,90,36
2588,1314,91,36
262,1569,92,36
2223,602,93,36
868,1327,94,36
41,303,95,36
153,1049,96,36
1563,1682,97,36
2211,1212,98,36
1227,119,99,36
895,1610,100,36
1683,1872,101,36
1021,869,102,36
14,908,103,36
992,660,104,36
1868,360,105,36
1615,156,106,36
1556,1460,107,36
1001,1124,108,36
2411,1737,109,36
1603,683,110,36
333,693,111,36
2067,1100,112,36
1012,1703,113,36
1284,1457,114,36
1087,562,115,36
63,1049,116,36
1820,35,117,36
1385,831,118,36
1433,1039,119,36
852,170,120,36
1222,1845,121,36
609,1162,122,36
694,555,123,36
133,419,124,36
1481,897,125,36
611,1028,126,36
136,40,127,36
2228,1860,128,36
624,1317,129,36
577,1447,130,36
1558,196,131,36
1678,239,132,36
130,264,133,36
575,141,134,36
1511,1537,135,36
2281,750,136,36
1044,497,137,36
1409,488,138,36
322,1209,139,36
817,290,140,36
350,1535,141,36
657,801,142,36
536,1281,143,36
1599,310,144,36
2511,492,145,36
1522,118,146,36
1304,149,147,36
629,701,148,36
1333,446,149,36
2058,416,150,36
483,502,151,36
465,953,152,36
1512,549,153,36
2505,215,154,36
483,1757,155,36
341,244,156,36
919,182,157,36
1144,856,158,36
1430,1469,159,36
2132,1170,160,36
2261,1755,161,36
239,533,162,36
1118,1568,163,36
2279,1241,164,36
1087,232,165,36
2591,410,166,36
942,1828,167,36
2500,1328,168,36
1442,93,169,36
739,419,170,36
1242,260,171,36
2590,1062,172,36
2023,197,173,36
324,1334,174,36
320,472,175,36
2227,320,176,36
2167,1417,177,36
544,801,178,36
1781,1777,179,36
210,1337,180,36
1849,1480,181,36
1503,1157,182,36
1151,1115,183,36
2518,1691,184,36
1627,1013,185,36
413,1937,186,36
891,468,187,36
2251,479,188,36
748,1062,189,36
617,1380,190,36
1731,2,191,36
34,1233,192,36
1617,2,193,36
1974,398,194,36
488,1149,195,36
2145,191,196,36
1937,873,197,36
1983,1341,198,36
275,1789,199,36
338,1648,200,36
2241,834,201,36
1121,351,202,36
1756,677,203,36
1754,1416,204,36
1768,795,205,36
1132,751,206,36
2341,1551,207,36
836,770,208,36
989,1599,209,36
391,314,210,36
1941,711,211,36
404,1752,212,36
1623,1308,213,36
1242,812,214,36
1862,708,215,36
1876,244,216,36
1853,1086,217,36
10,523,218,36
1073,695,219,36
1172,1677,220,36
657,535,221,36
170,1705,222,36
372,1095,223,36
1964,623,224,36
723,1943,225,36
261,401,226,36
787,1274,227,36
1862,514,228,36
1251,1750,229,36
2164,630,230,36
595,868,231,36
1653,1535,232,36
1019,1007,233,36
712,715,234,36
374,472,235,36
816,955,236,36
1346,1735,237,36
427,1577,238,36
407,776,239,36
239,846,240,36
2211,67,241,36
955,1568,1,42
2470,529,2,42
649,1644,3,42
2291,306,4,42
1219,732,5,42
1168,831,6,42
2312,747,7,42
1902,426,8,42
73,1207,9,42
2565,616,10,42
2360,187,11,42
2066,316,12,42
2256,916,13,42
1446,744,14,42
1865,522,15,42
1745,347,16,42
2541,916,17,42
425,1565,18,42
1977,1037,19,42
135,565,20,42
2289,462,21,42
686,1008,22,42
1138,1789,23,42
1537,593,24,42
2195,131,25,42
1211,572,26,42
1288,44,27,42
1868,223,28,42
1585,331,29,42
2165,1230,30,42
2442,1460,31,42
374,276,32,42
445,1310,33,42
2287,104,34,42
874,549,35,42
2140,298,36,42
2465,1271,37,42
841,156,38,42
2164,1386,39,42
1760,1148,40,42
1490,615,41,42
2269,1506,42,42
810,583,43,42
2529,1393,44,42
235,1116,45,42
1180,1041,46,42
2184,907,47,42
786,1860,48,42
997,352,49,42
607,334,50,42
2529,734,51,42
446,845,52,42
320,1719,53,42
548,1434,54,42
1462,1460,55,42
1821,713,56,42
598,1047,57,42
2106,96,58,42
1002,1708,59,42
1099,673,60,42
1199,1544,61,42
2432,65,62,42
747,929,63,42
1930,259,64,42
1393,639,65,42
2347,1527,66,42
1044,1345,67,42
2379,1338,68,42
1658,81,69,42
111,1575,70,42
1913,642,71,42
1288,1589,72,42
2139,679,73,42
1008,1921,74,42
2300,881,75,42
55,375,76,42
14,258,77,42
1314,809,78,42
1567,86,79,42
1915,3,80,42
1775,1735,81,42
2479,871,82,42
1254,459,83,42
1221,654,84,42
461,4,85,42
1217,1417,86,42
975,1379,87,42
294,27,88,42
1994,427,89,42
1042,725,90,42
495,1041,91,42
1156,985,92,42
2578,445,93,42
1917,940,94,42
2213,20,95,42
1812,57,96,42
1506,933,97,42
2294,1042,98,42
1024,1279,99,42
304,274,100,42
517,127,101,42
684,442,102,42
693,296,103,42
636,851,104,42
2200,745,105,42
1009,29,106,42
1387,1763,107,42
1040,203,108,42
960,829,109,42
688,169,110,42
373,135,111,42
1765,5,112,42
2498,396,113,42
1051,336,114,42
981,1112,115,42
488,1719,116,42
96,217,117,42
910,1689,118,42
580,466,119,42
1952,1778,120,42
2284,1335,121,42
1698,861,122,42
1124,195,123,42
934,155,124,42
2,1317,125,42
572,147,126,42
502,1866,127,42
49,1867,128,42
2334,498,129,42
1587,534,130,42
973,920,131,42
493,347,132,42
2366,960,133,42
1337,398,134,42
818,1641,135,42
395,1209,136,42
952,738,137,42
767,1222,138,42
1608,969,139,42
1284,1074,140,42
966,1451,141,42
2038,763,142,42
834,326,143,42
293,915,144,42
568,1615,145,42
1149,1640,146,42
830,814,147,42
115,481,148,42
2048,497,149,42
2400,540,150,42
872,878,151,42
124,1432,152,42
2139,1498,153,42
954,256,154,42
1756,746,155,42
1796,438,156,42
871,4,157,42
749,642,158,42
537,914,159,42
1646,606,160,42
946,1267,161,42
2358,833,162,42
1831,159,163,42
1033,1585,164,42
741,297,165,42
946,479,166,42
1115,1243,1,50
2585,964,2,50
1742,1813,3,50
1431,404,4,50
907,1277,5,50
2547,668,6,50
636,457,7,50
190,870,8,50
1764,618,9,50
1747,1560,10,50
1293,1238,11,50
1838,88,12,50
100,860,13,50
1312,61,14,50
996,960,15,50
1273,1916,16,50
2330,1479,17,50
738,512,18,50
1776,1212,19,50
2012,799,20,50
1442,3,21,50
2105,1124,22,50
1115,215,23,50
1558,572,24,50
1213,1455,25,50
760,340,26,50
1469,533,27,50
1557,1395,28,50
621,77,29,50
1892,135,30,50
564,713,31,50
1125,1065,32,50
1996,1129,33,50
2496,214,34,50
2283,1375,35,50
1893,1180,36,50
1234,1136,37,50
784,1690,38,50
1196,552,39,50
606,1734,40,50
1466,704,41,50
694,704,42,50
89,737,43,50
1895,503,44,50
2584,248,45,50
2525,21,46,50
2071,1617,47,50
1036,570,48,50
1195,25,49,50
1247,759,50,50
2425,937,51,50
58,1743,52,50
2246,1613,53,50
2116,1026,54,50
2388,812,55,50
1360,521,56,50
780,1298,57,50
481,1013,58,50
1792,1422,59,50
2041,1450,60,50
2254,640,61,50
2059,631,62,50
1305,1345,63,50
224,1795,64,50
880,358,65,50
871,486,66,50
1680,1441,67,50
955,672,68,50
566,1789,69,50
1320,633,70,50
2351,433,71,50
2219,878,72,50
1905,751,73,50
132,462,74,50
1017,397,75,50
984,5,76,50
1684,1287,77,50
2134,231,78,50
2361,1046,79,50
233,765,80,50
87,243,81,50
1989,1641,82,50
2217,1744,83,50
2528,326,84,50
103,1120,85,50
412,1872,86,50
1902,1731,87,50
2415,333,88,50
502,647,89,50
2263,1005,90,50
1620,20,91,50
1141,327,92,50
1862,1349,93,50
306,1643,94,50
1447,1134,95,50
651,1303,96,50
2150,366,97,50
1792,775,98,50
1938,578,99,50
2127,528,100,50
22,1891,101,50
643,234,102,50
144,628,103,50
1726,1090,104,50
1987,349,105,50
1383,246,106,50
6,1029,107,50
890,609,108,50
1192,120,109,50
147,1943,110,50
1811,382,111,50
358,50,112,50
135,26,113,50
2262,9,114,50
813,1135,115,50
2196,1443,116,50
2412,659,117,50
1797,3,118,50
379,1166,119,50
2523,1199,120,50
1050,1151,121,50
1402,94,122,50
1599,176,123,50
1656,1818,124,50
1845,1655,125,50
2551,1355,126,50
644,320,127,50
554,1115,128,50
2028,510,129,50
2009,1286,130,50
2114,832,131,50
962,835,132,50
1722,385,133,50
1460,1357,134,50
340,209,135,50
1422,905,136,50
677,1427,137,50
2092,104,138,50
2146,685,139,50
703,1802,140,50
435,766,141,50
346,1752,142,50
2566,790,143,50
542,1670,144,50
986,1316,145,50
42,111,146,50
2169,89,147,50
272,99,148,50
990,1518,149,50
800,1862,150,50
2391,1161,151,50
19,459,152,50
878,779,153,50
245,258,154,50
745,226,155,50
1292,315,156,50
444,332,157,50
2084,401,158,50
376,888,159,50
666,1067,160,50
1389,1268,161,50
993,236,162,50
877,1928,163,50
2426,22,164,50
2346,154,165,50
2470,1078,166,50
905,1195,167,50
1081,63,168,50
1912,352,169,50
2333,583,170,50
1328,1617,171,50
1120,467,172,50
262,628,173,50
1063,1329,174,50
494,1861,175,50
318,1416,176,50
1720,1672,177,50
1932,1576,178,50
76,1367,179,50
727,793,180,50
1876,1042,181,50
1216,913,182,50
163,1418,183,50
10,798,184,50
276,882,185,50
1357,753,186,50
977,1101,187,50
1192,1350,188,50
2260,164,189,50
1231,221,190,50
727,599,191,50
442,1486,192,50
2299,774,193,50
2382,1296,194,50
258,400,195,50
1331,406,196,50
389,1627,197,50
297,505,198,50
2068,1761,199,50
2366,1850,200,50
873,1474,201,50
519,391,202,50
2464,735,203,50
2121,1916,204,50
1981,241,205,50
1718,1901,206,50
1619,1754,207,50
156,757,208,50
307,1893,209,50
2430,1443,210,50
556,1359,211,50
2573,1610,212,50
2359,42,213,50
1677,646,214,50
991,150,215,50
1595,1272,216,50
646,1147,217,50
142,1666,218,50
655,1902,219,50
342,1252,220,50
941,1728,221,50
1972,665,222,50
749,1547,223,50
2317,958,224,50
66,1510,225,50
1241,432,226,50
2446,1928,1,73
1428,1405,2,73
1363,1845,3,73
2300,11,4,73
518,1406,5,73
54,1515,6,73
1924,208,7,73
1121,1286,8,73
2286,681,9,73
1757,33,10,73
1057,770,11,73
1033,1629,12,73
2465,760,13,73
2238,1775,14,73
847,1191,15,73
2317,274,16,73
72,1627,17,73
1716,1298,18,73
1673,387,19,73
2316,422,20,73
2328,1272,21,73
980,1028,22,73
2370,1419,23,73
1195,570,24,73
304,1904,25,73
1037,1297,26,73
1448,1544,27,73
1946,95,28,73
811,1343,29,73
588,745,30,73
667,748,31,73
1282,45,32,73
1333,349,33,73
894,1798,34,73
1086,925,35,73
817,240,36,73
1820,1057,37,73
2080,961,38,73
2429,944,39,73
1470,136,40,73
976,1222,41,73
489,48,42,73
1427,928,43,73
1227,258,44,73
1373,440,45,73
1336,1201,46,73
814,1730,47,73
2300,884,48,73
320,111,49,73
1519,1499,50,73
758,451,51,73
1363,811,52,73
979,444,53,73
2461,119,54,73
296,1589,55,73
1026,557,56,73
1135,796,57,73
1312,256,58,73
2099,232,59,73
2181,1612,60,73
1675,248,61,73
2532,885,62,73
1554,457,63,73
2058,130,64,73
69,147,65,73
2428,1270,66,73
2447,1399,67,73
1449,710,68,73
534,112,69,73
2417,1659,70,73
972,1638,71,73
2224,1153,72,73
1732,58,73,73
1279,958,74,73
148,1017,75,73
1524,1743,76,73
2585,322,77,73
2104,575,78,73
2293,126,79,73
18,233,80,73
617,1472,81,73
656,229,82,73
2017,604,83,73
254,165,84,73
2008,35,85,73
968,622,86,73
2136,504,87,73
2515,467,88,73
2102,701,89,73
2103,414,90,73
66,927,91,73
1867,1500,92,73
1982,1920,93,73
2308,1866,94,73
1484,512,95,73
560,244,96,73
115,3,97,73
1073,1713,98,73
2178,1543,99,73
1075,144,100,73
2389,1544,101,73
1163,298,102,73
1720,1611,103,73
1813,1206,104,73
2200,167,105,73
2590,1503,106,73
1612,563,107,73
1805,957,108,73
1078,434,109,73
1283,734,110,73
1786,1651,111,73
2494,572,112,73
1939,1514,113,73
695,1377,114,73
463,1940,115,73
2524,676,116,73
2433,550,117,73
861,1880,118,73
1271,461,119,73
1939,1628,120,73
2298,1449,121,73
1288,136,122,73
2475,1767,123,73
1842,853,124,73
625,111,125,73
1149,64,126,73
1969,1179,127,73
1168,902,128,73
2034,464,129,73
792,784,130,73
2215,1878,131,73
2386,21,132,73
213,505,133,73
1913,1750,134,73
522,595,135,73
930,140,136,73
812,140,137,73
1865,1881,138,73
2435,1101,139,73
1706,498,140,73
1544,55,141,73
942,765,142,73
2523,983,143,73
2145,1578,144,73
871,689,145,73
2002,289,146,73
584,168,147,73
245,358,148,73
2345,368,149,73
34,523,150,73
1076,1405,151,73
2067,1373,152,73
820,624,153,73
176,918,154,73
1106,1027,155,73
1761,1525,156,73
1953,919,157,73
212,1292,158,73
1448,627,159,73
1456,273,160,73
1533,1582,161,73
1088,668,162,73
228,1785,163,73
1023,187,164,73
2076,1482,165,73
1783,1737,166,73
1911,332,167,73
1932,645,168,73
1318,1716,169,73
940,376,170,73
2584,24,171,73
2001,1292,172,73
1288,1192,173,73
1500,1824,174,73
1506,896,175,73
650,1847,176,73
2464,664,177,73
837,347,178,73
584,1911,179,73
688,1535,180,73
210,1172,181,73
765,1430,182,73
1702,609,183,73
1753,1399,184,73
838,508,185,73
1760,659,186,73
2499,1103,187,73
255,34,188,73
2,431,189,73
1265,1857,190,73
1234,650,191,73
1044,334,192,73
2117,790,193,73
1616,174,194,73
2165,929,195,73
1909,448,196,73
1308,1641,197,73
2283,1544,198,73
2362,631,199,73
1512,1049,200,73
121,468,201,73
1548,1266,202,73
1435,376,203,73
1777,279,204,73
249,686,205,73
1714,120,206,73
1656,1514,207,73
904,1322,208,73
601,1786,209,73
936,1494,210,73
612,330,211,73
63,1762,212,73
2178,1020,213,73
1772,358,214,73
1421,1025,215,73
1546,665,216,73
1161,410,217,73
1672,732,218,73
622,3,219,73
501,338,220,73
1108,892,221,73
1903,96,222,73
936,276,223,73
2379,253,224,73
2176,1426,225,73
495,504,226,73
2518,88,227,73
2133,1274,228,73
1681,1794,229,73
2268,1232,230,73
1814,1287,231,73
1378,169,232,73
920,1008,233,73
882,882,234,73
2591,137,235,73
2557,765,236,73
1709,817,237,73
1633,1611,238,73
448,459,239,73
10,1906,1,10
298,560,2,10
656,253,3,10
1740,1896,4,10
906,122,5,10
643,151,6,10
2448,1407,7,10
1139,341,8,10
1960,1392,9,10
1995,9,10,10
2122,51,11,10
1190,430,12,10
2274,273,13,10
2355,1394,14,10
2191,249,15,10
1395,371,16,10
931,891,17,10
220,153,18,10
826,200,19,10
797,1527,20,10
534,441,21,10
114,702,22,10
556,1049,23,10
1072,208,24,10
979,1608,25,10
1585,7,26,10
1080,915,27,10
353,255,28,10
2176,645,29,10
7,1398,30,10
1070,753,31,10
176,579,32,10
138,1012,33,10
2250,1878,34,10
1358,444,35,10
2557,548,36,10
543,277,37,10
45,511,38,10
2068,119,39,10
862,630,40,10
1203,271,41,10
629,1305,42,10
2370,1773,43,10
2322,1252,44,10
364,66,45,10
578,1279,46,10
2283,361,47,10
651,765,48,10
1934,904,49,10
1135,1574,50,10
2115,422,51,10
1762,982,52,10
2583,481,53,10
264,411,54,10
1451,278,55,10
1747,364,56,10
551,855,57,10
869,477,58,10
1829,499,59,10
1343,929,60,10
1556,185,61,10
1659,283,62,10
731,850,63,10
2281,510,64,10
823,1660,65,10
2402,290,66,10
1953,88,67,10
1038,310,68,10
214,1106,69,10
586,3,70,10
1355,1194,71,10
983,1175,72,10
235,1925,73,10
1572,1864,74,10
433,1432,75,10
1207,180,76,10
100,1902,77,10
666,1834,78,10
61,1492,79,10
220,1194,80,10
2028,959,81,10
1560,440,82,10
1505,935,83,10
2338,1708,84,10
1208,1428,85,10
172,1673,86,10
472,1070,87,10
603,641,88,10
1859,1595,89,10
1627,1358,90,10
323,147,91,10
602,346,92,10
1297,351,93,10
1906,528,94,10
1437,663,95,10
1609,81,96,10
888,545,97,10
158,950,98,10
1358,1055,99,10
792,592,100,10
639,1433,101,10
419,4,102,10
485,736,103,10
1150,1931,104,10
2017,811,105,10
1958,197,106,10
2185,425,107,10
1437,1205,108,10
2245,1762,109,10
1062,1883,110,10
1941,672,111,10
2328,1848,112,10
2433,1585,113,10
1533,841,114,10
2430,456,115,10
1698,1778,116,10
1404,538,117,10
2587,1161,118,10
2370,1942,119,10
2523,737,120,10
1688,768,121,10
1106,99,122,10
2202,2,123,10
957,546,124,10
896,1465,125,10
133,1835,126,10
1022,1392,127,10
747,244,128,10
2408,1904,129,10
2044,249,130,10
1122,599,131,10
33,1687,132,10
1770,712,133,10
2112,319,134,10
2494,1942,135,10
1610,360,136,10
1039,393,137,10
66,1246,138,10
2,1213,139,10
1015,2,140,10
1098,1364,141,10
2109,1916,142,10
6,127,1,20
1146,1664,2,20
633,1164,3,20
1719,724,4,20
2068,775,5,20
489,65,6,20
1925,1042,7,20
658,984,8,20
1611,668,9,20
1042,778,10,20
1130,1908,11,20
343,336,12,20
2431,1361,13,20
2044,220,14,20
454,1365,15,20
2373,1841,16,20
166,1362,17,20
1631,424,18,20
42,1372,19,20
858,1418,20,20
1955,1611,21,20
455,193,22,20
1595,940,23,20
549,1856,24,20
2540,523,25,20
578,275,26,20
317,1677,27,20
810,1864,28,20
1353,952,29,20
1140,571,30,20
1330,1148,31,20
831,1319,32,20
1279,1459,33,20
571,1599,34,20
810,1598,35,20
3,558,36,20
1649,509,37,20
1752,1535,38,20
1270,964,39,20
654,1735,40,20
2201,1284,41,20
707,1432,42,20
1583,338,43,20
2069,1898,44,20
1983,334,45,20
240,43,46,20
916,1473,47,20
2469,1591,48,20
1556,1705,49,20
253,1838,50,20
2578,1721,51,20
1454,1193,52,20
1366,459,53,20
256,631,54,20
1508,1578,55,20
827,1515,56,20
381,986,57,20
655,1532,58,20
2296,1896,59,20
160,1591,60,20
2092,1045,61,20
2041,1614,62,20
1607,1322,63,20
312,1300,64,20
920,451,65,20
942,1178,66,20
911,1618,67,20
233,1900,68,20
34,1882,69,20
1121,1435,70,20
624,1886,71,20
316,1210,72,20
2507,1161,73,20
691,880,74,20
1189,1387,75,20
361,644,76,20
1393,285,77,20
313,524,78,20
1242,200,79,20
1273,698,80,20
2315,44,81,20
416,1722,82,20
1947,816,83,20
836,593,84,20
2225,478,85,20
2309,609,86,20
1589,1084,87,20
2398,1548,88,20
2285,158,89,20
1795,1404,90,20
1908,95,91,20
2581,1209,92,20
2366,137,93,20
1115,1821,94,20
1743,1677,95,20
2196,554,96,20
147,1660,97,20
2104,247,98,20
208,792,99,20
2458,1274,100,20
1341,1365,101,20
2118,428,102,20
1643,1877,103,20
1404,1899,104,20
136,819,105,20
980,1558,106,20
716,1202,107,20
1004,276,108,20
1580,591,109,20
1686,1143,110,20
576,459,111,20
2335,432,112,20
2588,1105,113,20
684,550,114,20
290,1352,115,20
152,128,116,20
2087,324,117,20
1768,1110,118,20
775,1941,119,20
2399,687,120,20
86,789,121,20
2117,87,122,20
2481,1488,123,20
1867,484,124,20
380,234,125,20
1940,1148,126,20
896,1889,127,20
807,340,128,20
494,1677,129,20
1723,376,130,20
1499,1445,131,20
1799,1242,132,20
2335,1269,133,20
479,1526,134,20
2072,678,135,20
2209,1363,136,20
303,1103,137,20
1839,1577,138,20
1483,852,139,20
2506,33,140,20
101,608,141,20
952,1754,142,20
1760,956,143,20
1213,67,144,20
2008,1056,145,20
2562,375,146,20
990,1393,147,20
781,1254,148,20
1830,722,149,20
317,15,150,20
2466,305,151,20
1450,1053,152,20
1300,1557,153,20
830,249,154,20
2052,1787,155,20
1019,1914,156,20
411,258,157,20
1161,1747,158,20
1124,660,159,20
982,745,160,20
21,1770,161,20
2437,882,162,20
2101,1506,163,20
1534,884,164,20
696,330,165,20
945,55,166,20
1541,752,167,20
1271,818,168,20
813,1187,169,20
1983,726,170,20
2000,653,171,20
654,1053,172,20
2061,140,173,20
2492,606,174,20
1805,1943,175,20
192,872,176,20
107,1290,177,20
962,557,178,20
2072,534,179,20
2290,262,180,20
2571,812,181,20
1305,385,182,20
1138,1588,183,20
490,1943,184,20
2229,1066,185,20
2486,419,186,20
1989,193,187,20
1097,1076,188,20
751,1115,189,20
842,1093,190,20
54,698,191,20
1171,509,192,20
1588,805,193,20
2004,944,194,20
574,209,195,20
2408,563,196,20
338,779,197,20
1242,1166,198,20
1025,646,199,20
2144,1080,200,20
1212,1038,201,20
2398,329,202,20
2549,290,203,20
1158,138,204,20
1281,523,205,20
787,449,206,20
2206,339,207,20
211,1228,208,20
2358,266,209,20
2226,415,210,20
2165,1869,211,20
2328,928,212,20
625,146,213,20
607,573,214,20
1159,5,215,20
2207,155,216,20
530,1089,217,20
1365,519,218,20
490,316,219,20
36,1198,220,20
222,915,221,20
236,256,222,20
992,461,223,20
2338,1760,224,20
900,1249,225,20
1222,639,226,20
1413,3,227,20
2389,1654,228,20
915,374,229,20
2443,953,230,20
1549,1365,231,20
1703,214,232,20
823,774,233,20
1270,1104,234,20
998,858,235,20
1365,890,236,20
2051,1248,237,20
291,1941,238,20
476,1801,239,20
2006,1335,240,20
1160,1277,241,20
1888,1478,242,20
1196,427,243,20
2203,1643,244,20
3,936,245,20
229,416,246,20
1931,1759,247,20
1606,1568,248,20
1951,433,249,20
1287,63,250,20
1432,1699,251,20
307,905,252,20
1219,963,253,20
2255,1187,254,20
1065,1709,255,20
1512,685,256,20
1763,139,257,20
977,1847,258,20
1054,537,259,20
2590,1894,260,20
1018,1125,261,20
643,1245,262,20
2239,665,263,20
1329,586,264,20
695,1651,265,20
687,731,266,20
1890,1859,267,20
613,1365,268,20
966,1300,269,20
1521,1872,270,20
2037,409,271,20
963,1045,272,20
1307,1942,273,20
2460,770,274,20
2414,195,275,20
750,93,276,20
1468,950,277,20
885,113,278,20
665,426,279,20
322,1526,280,20
29,830,281,20
907,1090,282,20
2546,1790,283,20
1820,213,284,20
1071,394,285,20
732,1845,286,20
1055,972,287,20
1549,998,288,20
124,1804,289,20
1680,1799,290,20
1887,681,291,20
1114,456,292,20
1680,630,293,20
2315,1370,294,20
1145,955,295,20
2516,906,296,20
455,786,297,20
448,617,298,20
11,768,299,20
2077,1119,300,20
1478,1290,301,20
996,197,302,20
264,1509,303,20
770,650,304,20
2037,1663,305,20
244,357,306,20
2355,993,307,20
1856,960,308,20
1771,624,309,20
962,687,310,20
479,1181,311,20
2584,1302,312,20
94,1076,313,20
1671,1362,314,20
1727,872,315,20
1822,1790,316,20
454,1441,317,20
1276,1781,318,20
1278,1849,319,20
1742,1035,320,20
1590,1912,321,20
1664,87,322,20
583,1927,323,20
311,1435,324,20
972,1664,325,20
728,1298,326,20
381,405,327,20
396,428,328,20
1932,875,329,20
297,170,330,20
2329,492,331,20
391,1076,332,20
1687,18,333,20
109,196,334,20
2492,1835,335,20
197,474,336,20
1013,1487,337,20
405,1171,338,20
2517,118,339,20
1983,493,340,20
798,871,341,20
1409,1600,342,20
1768,1318,343,20
1079,1222,344,20
2121,626,345,20
496,640,346,20
2475,980,347,20
1125,865,348,20
570,731,349,20
758,1746,350,20
2546,1036,351,20
1863,303,352,20
1163,1943,353,20
1630,1747,354,20
134,1243,355,20
87,1441,356,20
1892,380,357,20
729,1560,358,20
658,1789,359,20
2237,1441,360,20
186,1742,361,20
1322,1251,362,20
102,1726,363,20
828,1667,364,20
1350,1739,365,20
515,1047,366,20
2424,1753,367,20
62,969,368,20
1217,1640,369,20
1675,772,370,20
1452,328,371,20
1527,119,372,20
2590,420,373,20
1682,1928,374,20
1909,246,375,20
1535,1797,376,20
61,1547,377,20
743,978,378,20
138,410,379,20
759,152,380,20
1485,1133,381,20
896,986,382,20
1165,756,383,20
2462,488,384,20
123,1006,385,20
1258,715,386,20
1910,1286,387,20
380,1457,388,20
1427,62,389,20
2151,1912,390,20
1970,1857,391,20
40,497,392,20
192,1310,393,20
779,5,394,20
1881,1866,1,40
1844,170,2,40
1442,1381,3,40
733,711,4,40
2469,815,5,40
289,1126,6,40
1458,4,7,40
2488,1405,8,40
977,153,9,40
776,404,10,40
1796,805,11,40
1852,1410,12,40
543,112,13,40
334,1605,14,40
52,1617,15,40
94,1279,16,40
903,1394,17,40
2017,1826,18,40
1592,1652,19,40
967,319,20,40
2493,232,21,40
1614,667,22,40
1233,523,23,40
115,976,24,40
1206,1899,25,40
2479,1236,26,40
1156,201,27,40
2244,778,28,40
1502,1867,29,40
889,143,30,40
628,1097,31,40
986,495,32,40
2092,298,33,40
2457,679,34,40
2151,660,35,40
2371,1376,36,40
1111,259,37,40
2107,1461,38,40
852,1857,39,40
1015,868,40,40
1632,733,41,40
674,567,42,40
670,1386,43,40
1588,266,44,40
404,1264,45,40
927,1885,46,40
1364,1327,47,40
837,836,48,40
206,1049,49,40
221,787,50,40
1820,276,51,40
138,1440,52,40
1232,1159,53,40
2069,414,54,40
824,477,55,40
2439,962,56,40
2285,1124,57,40
2170,1932,58,40
2519,1009,59,40
261,1573,60,40
507,276,61,40
2178,1804,62,40
551,1570,63,40
835,1699,64,40
2533,1163,65,40
655,58,66,40
111,1535,67,40
1331,711,68,40
1991,1907,69,40
1693,364,70,40
2384,752,71,40
2132,1381,72,40
144,1319,73,40
117,242,74,40
2028,185,75,40
928,868,76,40
1291,123,77,40
2113,555,78,40
1539,702,79,40
2342,1252,80,40
46,1073,81,40
1476,193,82,40
1283,249,83,40
127,800,84,40
2452,369,85,40
1309,1183,86,40
787,998,87,40
1056,362,88,40
1129,25,89,40
1342,1564,90,40
122,113,91,40
1540,929,92,40
267,988,93,40
2337,889,94,40
1435,1878,95,40
2487,443,96,40
414,533,97,40
2130,388,98,40
2402,1619,99,40
2454,1087,100,40
556,589,101,40
972,990,102,40
603,524,103,40
1432,906,104,40
1772,1277,105,40
1036,1683,106,40
2041,575,107,40
1568,1512,108,40
1024,643,109,40
1124,1080,110,40
314,278,111,40
649,1567,112,40
1775,1182,113,40
2099,1254,114,40
193,645,115,40
1800,99,116,40
2181,949,117,40
1661,12,118,40
1350,1131,119,40
1901,1011,120,40
1998,1510,121,40
2590,1717,122,40
2461,35,123,40
1964,734,124,40
2423,1471,125,40
2202,1631,126,40
1752,483,127,40
1616,470,128,40
1054,1555,129,40
315,389,130,40
1158,408,131,40
2256,87,132,40
1851,1655,133,40
1929,830,134,40
2476,1516,135,40
1468,376,136,40
834,685,137,40
2217,1364,138,40
62,1366,139,40
546,1365,140,40
2163,268,141,40
989,1474,142,40
1112,1548,143,40
1952,1073,144,40
479,1242,145,40
2076,1331,146,40
1751,725,147,40
886,567,148,40
2159,766,149,40
2495,1560,150,40
1549,1044,151,40
1391,1625,152,40
1418,1241,153,40
2435,539,154,40
2267,1902,155,40
2033,1161,156,40
2448,1294,157,40
1678,972,158,40
1893,1198,159,40
1218,1580,160,40
968,1779,161,40
677,1151,162,40
1352,380,163,40
351,1039,164,40
2506,894,165,40
1293,612,166,40
1000,952,167,40
2032,644,168,40
100,490,169,40
836,1312,170,40
1997,979,171,40
1811,404,172,40
2563,41,173,40
132,690,174,40
1388,314,175,40
13,204,176,40
2591,1143,177,40
917,1624,178,40
2465,1842,179,40
2006,72,180,40
1932,537,181,40
556,448,182,40
2386,1056,183,40
1895,1579,184,40
2375,1903,185,40
1704,1423,186,40
2052,1592,187,40
38,930,188,40
2321,1689,189,40
1984,324,190,40
1686,97,191,40
1852,1042,192,40
677,794,193,40
1304,3,194,40
2220,2,195,40
1203,700,196,40
898,744,197,40
1562,1178,198,40
2075,907,199,40
1236,1782,200,40
1707,245,201,40
2511,592,202,40
1180,1316,203,40
1148,1659,204,40
348,45,205,40
839,75,206,40
1732,1030,207,40
1757,3,208,40
626,681,209,40
2570,1940,1,61
1774,1261,2,61
2498,1940,3,61
2228,871,4,61
1474,1618,5,61
1335,1374,6,61
1968,1926,7,61
1331,1481,8,61
1181,1732,9,61
1424,1162,10,61
1452,169,11,61
1953,1458,12,61
1296,1941,13,61
1054,1389,14,61
2520,8,15,61
1908,676,16,61
1570,1528,17,61
358,1263,18,61
1063,1924,19,61
808,887,20,61
659,691,21,61
1420,1894,22,61
1656,876,23,61
136,1011,24,61
224,303,25,61
889,792,26,61
1342,1064,27,61
800,754,28,61
1706,1495,29,61
2085,261,30,61
38,1526,31,61
2287,1293,32,61
474,398,33,61
1223,1486,34,61
478,1427,35,61
970,1896,36,61
269,1308,37,61
1143,961,38,61
1009,1455,39,61
2271,255,40,61
337,337,41,61
1542,1662,42,61
595,588,43,61
716,969,44,61
993,1835,45,61
1868,1938,46,61
1611,1659,47,61
715,840,48,61
458,1866,49,61
1829,1391,50,61
2078,648,51,61
1636,33,52,61
2111,972,53,61
2033,1628,54,61
1966,1354,55,61
969,396,56,61
1858,1632,57,61
2360,1103,58,61
145,1705,59,61
864,1703,60,61
1550,838,61,61
1081,1232,62,61
1297,1893,63,61
2388,555,64,61
1677,1837,65,61
145,916,66,61
1215,697,67,61
2205,377,68,61
2581,529,69,61
2127,788,70,61
1570,1888,71,61
756,675,72,61
2161,480,73,61
1693,1407,74,61
1646,215,75,61
1478,1872,76,61
1874,1468,77,61
2537,823,78,61
1015,1741,79,61
1287,226,80,61
2278,1786,81,61
1946,575,82,61
621,940,83,61
2191,991,84,61
2444,980,85,61
2237,1560,86,61
245,7,87,61
1427,940,88,61
1412,622,89,61
988,862,90,61
1754,991,91,61
906,488,92,61
1892,1208,93,61
29,855,94,61
2420,737,95,61
881,666,96,61
1629,690,97,61
1011,790,98,61
1924,1871,99,61
1243,141,100,61
1247,1310,101,61
1864,1102,102,61
2420,1538,103,61
1385,332,104,61
414,974,105,61
1965,785,106,61
2442,839,107,61
744,911,108,61
2576,185,109,61
1021,498,110,61
1780,605,111,61
740,9,112,61
1987,1060,113,61
1258,854,114,61
170,1082,115,61
1273,430,116,61
1470,313,117,61
1230,1391,118,61
472,296,119,61
305,1389,120,61
971,725,121,61
1146,851,122,61
93,1055,123,61
1147,1263,124,61
1823,1557,125,61
27,1467,126,61
1514,416,127,61
2495,380,128,61
1046,1037,129,61
584,830,130,61
2538,100,131,61
726,1397,132,61
1803,671,133,61
1716,1197,134,61
1618,530,135,61
2479,1820,136,61
607,1199,137,61
1609,271,138,61
883,1268,139,61
437,1243,140,61
1531,1268,141,61
1173,1567,142,61
342,539,143,61
1128,1413,144,61
496,1281,145,61
889,1177,146,61
824,595,147,61
1171,1041,148,61
2353,391,149,61
1128,1333,150,61
1051,1809,151,61
1344,1536,152,61
698,529,153,61
1683,988,154,61
1016,322,155,61
1121,1592,156,61
1623,781,157,61
1052,255,158,61
1462,1046,159,61
2485,1584,160,61
1539,650,161,61
791,1133,162,61
1755,75,163,61
375,1894,164,61
2531,722,165,61
2488,1263,166,61
2575,740,167,61
373,1662,168,61
2497,1483,169,61
1073,107,170,61
1765,863,171,61
2118,1846,172,61
1093,663,173,61
1076,13,174,61
1497,791,175,61
1495,1355,176,61
666,89,177,61
1703,1632,178,61
695,361,179,61
2272,1914,180,61
1722,688,181,61
1815,770,182,61
2339,959,183,61
48,1566,184,61
1070,987,185,61
924,1483,186,61
257,1496,187,61
1720,1573,188,61
42,164,189,61
809,1234,190,61
656,1158,191,61
150,1890,192,61
781,365,193,61
488,1720,194,61
336,443,195,61
887,313,196,61
2036,217,197,61
1049,175,198,61
890,1897,199,61
634,1065,200,61
1541,1169,201,61
470,754,202,61
231,1460,203,61
866,1409,204,61
1271,1011,205,61
2040,94,206,61
1504,499,207,61
412,385,208,61
905,1758,209,61
1743,442,210,61
1631,398,211,61
2298,743,212,61
1541,21,213,61
1738,1775,214,61
1596,1602,215,61
1174,1180,216,61
1336,919,217,61
1910,1310,218,61
1793,524,219,61
1092,355,220,61
863,997,221,61
1299,1196,222,61
1243,1943,223,61
1250,1127,224,61
1606,937,225,61
188,1438,226,61
1804,107,227,61
731,1287,228,61
284,1804,229,61
2187,1317,230,61
1272,75,231,61
1433,1724,232,61
2433,1429,233,61
969,979,234,61
770,1813,235,61
2179,1778,236,61
1315,365,237,61
1646,1302,238,61
531,1942,239,61
84,1738,240,61
49,658,241,61
2204,1878,242,61
522,1380,243,61
2510,472,244,61
1344,1277,245,61
47,730,246,61
1614,1487,247,61
101,1512,248,61
1725,1107,249,61
545,117,250,61
1032,1649,251,61
179,1273,252,61
1273,1753,253,61
2162,890,254,61
175,1564,255,61
2581,1687,256,61
398,193,257,61
1067,1510,258,61
657,282,259,61
1356,1004,260,61
1055,919,261,61
1650,1752,262,61
242,1693,263,61
711,1875,264,61
1736,167,265,61
1599,712,266,61
645,1402,267,61
1027,1189,268,61
2288,183,269,61
2133,1303,270,61
1427,1505,271,61
1416,460,272,61
1659,97,273,61
1557,474,274,61
2277,1626,275,61
1538,1069,276,61
2456,609,277,61
370,873,278,61
1452,390,279,61
1234,1205,280,61
745,747,281,61
934,144,282,61
723,1169,283,61
1402,1582,284,61
2065,1336,285,61
2423,1306,286,61
2031,531,287,61
2037,774,288,61
943,29,289,61
950,607,290,61
1977,648,291,61
1227,766,292,61
883,569,293,61
1202,380,294,61
1876,922,295,61
1292,306,296,61
547,710,297,61
169,41,298,61
1628,1014,299,61
1377,55,300,61
462,597,301,61
1107,801,302,61
1658,1103,303,61
409,1560,304,61
639,186,305,61
681,1468,306,61
351,108,307,61
1095,1108,308,61
2412,1732,309,61
503,547,310,61
1143,728,311,61
2346,485,312,61
905,1593,313,61
1698,760,314,61
772,549,315,61
695,600,316,61
953,1164,317,61
259,1351,318,61
726,1726,319,61
788,1676,320,61
290,1041,321,61
2405,1844,322,61
2584,848,323,61
2128,70,324,61
36,1164,325,61
573,402,326,61
601,341,327,61
1861,240,328,61
1980,1580,329,61
1508,596,330,61
59,1355,331,61
2,183,332,61
1990,1258,333,61
696,1555,334,61
577,1759,335,61
68,927,336,61
2089,1232,337,61
1600,1223,338,61
957,180,1,71
2243,858,2,71
38,92,3,71
383,486,4,71
1515,305,5,71
2364,595,6,71
69,1098,7,71
249,1292,8,71
1407,536,9,71
257,1391,10,71
342,77,11,71
15,186,12,71
326,926,13,71
556,1522,14,71
333,1717,15,71
58,528,16,71
920,535,17,71
1339,194,18,71
643,957,19,71
636,645,20,71
354,1782,21,71
287,1050,22,71
9,514,23,71
369,1552,24,71
254,7,25,71
1873,72,26,71
387,103,27,71
498,1435,28,71
694,1241,29,71
912,118,30,71
2079,787,31,71
2088,227,32,71
701,224,33,71
945,626,34,71
680,1462,35,71
1181,145,36,71
368,1035,37,71
1157,1021,38,71
227,282,39,71
181,1500,40,71
1963,341,41,71
77,1725,42,71
2389,391,43,71
620,742,44,71
408,1406,45,71
1950,1080,46,71
1312,301,47,71
1440,277,48,71
1068,629,49,71
432,1504,50,71
1587,272,51,71
2225,1057,52,71
51,765,53,71
691,1011,54,71
2325,952,55,71
1104,917,56,71
2112,60,57,71
2147,153,58,71
285,1600,59,71
639,225,60,71
1764,291,61,71
189,682,62,71
698,1605,63,71
1209,1163,64,71
336,1356,65,71
2478,925,66,71
60,1572,67,71
285,989,68,71
396,1158,69,71
273,1475,70,71
2444,1147,71,71
658,1549,72,71
1373,1181,73,71
1879,562,74,71
692,1140,75,71
201,1233,76,71
1524,828,77,71
525,1021,78,71
2338,417,79,71
78,199,80,71
1501,216,81,71
522,131,82,71
93,906,83,71
1239,807,84,71
2244,362,85,71
693,1338,86,71
410,193,87,71
1102,518,88,71
1734,674,89,71
1650,794,90,71
841,785,91,71
1795,938,92,71
668,116,93,71
37,1473,94,71
1726,546,95,71
826,595,96,71
1374,1337,97,71
2282,452,98,71
2142,273,99,71
1324,1285,100,71
1630,565,101,71
808,376,102,71
213,1121,103,71
11,1941,104,71
469,1662,105,71
345,1465,106,71
2535,1942,107,71
2234,1841,108,71
1213,935,109,71
607,502,110,71
2209,148,111,71
594,825,112,71
597,912,113,71
1093,440,114,71
440,1602,115,71
712,622,116,71
733,719,117,71
180,1393,118,71
772,1082,119,71
571,160,120,71
410,639,121,71
1325,924,122,71
240,703,123,71
773,746,124,71
44,990,125,71
534,1618,126,71
2045,458,127,71
789,192,128,71
387,1280,129,71
2543,415,130,71
2058,686,131,71
233,1549,132,71
268,1195,133,71
1526,1224,134,71
837,696,135,71
2354,503,136,71
870,327,137,71
2161,464,138,71
1373,296,139,71
2217,927,140,71
402,1923,141,71
760,439,142,71
2198,1280,143,71
386,547,144,71
2433,810,145,71
1252,595,146,71
1899,989,147,71
742,1734,148,71
1847,395,149,71
833,154,150,71
261,465,151,71
693,823,152,71
51,352,153,71
1806,567,154,71
407,1754,155,71
1252,5,156,71
1144,328,157,71
2226,545,158,71
245,813,159,71
2317,1028,160,71
1258,90,161,71
1377,139,162,71
1932,493,163,71
1399,432,164,71
395,349,165,71
699,358,166,71
495,1080,167,71
2209,700,168,71
1005,358,169,71
1673,1600,170,71
634,549,171,71
2364,842,172,71
427,1327,173,71
2295,51,174,71
1447,358,175,71
1662,1401,176,71
1344,1535,177,71
1629,882,178,71
1628,689,179,71
1577,448,180,71
564,635,181,71
558,795,182,71
183,450,183,71
59,1869,184,71
2560,770,185,71
721,1877,186,71
2142,356,187,71
1567,646,188,71
822,1121,189,71
1678,353,190,71
1161,396,191,71
1575,112,192,71
1846,746,193,71
1990,1230,194,71
2324,1544,195,71
1584,1089,196,71
1929,641,197,71
1003,1297,198,71
1217,266,199,71
2558,624,200,71
853,1715,201,71
478,1557,202,71
6,809,203,71
1743,858,204,71
1132,649,205,71
879,1181,206,71
2211,228,207,71
279,337,208,71
2185,74,209,71
631,1449,210,71
2142,638,211,71
1655,121,212,71
1103,75,213,71
1444,916,214,71
2275,982,215,71
792,646,216,71
2435,2,217,71
452,814,218,71
2012,1436,219,71
1817,650,220,71
768,891,221,71
934,1896,222,71
208,1855,223,71
1660,616,224,71
1953,938,225,71
2086,1433,226,71
2274,756,227,71
2287,271,228,71
870,240,229,71
1091,1125,230,71
754,544,231,71
124,282,232,71
519,915,233,71
2479,1390,234,71
923,1362,235,71
1461,86,236,71
123,1592,237,71
2327,1929,238,71
1669,68,239,71
590,298,240,71
1214,1664,241,71
2065,1049,242,71
1571,1322,243,71
1231,407,244,71
400,26,245,71
2123,1670,246,71
1717,1493,247,71
1073,318,248,71
1416,1245,249,71
1494,1010,250,71
1409,1774,251,71
1487,524,252,71
2322,1473,253,71
124,1010,254,71
1244,691,255,71
1655,1152,256,71
342,1651,257,71
471,339,258,71
1216,1383,259,71
1382,1051,260,71
1923,291,261,71
1483,704,262,71
8,920,263,71
1171,1910,264,71
607,1796,265,71
2504,1653,266,71
319,458,267,71
666,1678,268,71
994,742,269,71
1457,1190,270,71
1415,821,271,71
2206,794,272,71
972,1112,273,71
2097,900,274,71
1411,671,275,71
760,1940,276,71
1006,107,277,71
938,293,278,71
1125,771,279,71
1317,1156,280,71
1684,955,281,71
2111,1154,282,71
876,1624,283,71
822,1604,284,71
827,859,285,71
910,1482,286,71
1685,1859,287,71
1007,1590,288,71
1462,152,289,71
1658,244,290,71
718,1534,291,71
2411,107,292,71
1735,972,293,71
2552,1562,294,71
2123,532,295,71
90,825,296,71
1417,1541,297,71
2433,1932,298,71
678,1759,299,71
1503,1743,300,71
463,72,301,71
1466,630,302,71
2289,807,303,71
1187,1748,304,71
937,1576,305,71
1346,1446,306,71
2287,1115,307,71
2043,577,308,71
1353,1644,309,71
2276,631,310,71
1461,1327,311,71
1006,866,312,71
1820,160,313,71
979,31,314,71
2016,1651,315,71
1161,1583,316,71
742,128,317,71
1543,533,318,71
2356,1139,319,71
1151,1480,320,71
1318,803,321,71
1004,1708,322,71
1342,592,323,71
1046,206,324,71
1063,1623,325,71
356,767,326,71
1038,996,327,71
2031,922,328,71
1729,131,329,71
1464,437,330,71
241,131,331,71
833,1916,332,71
10,1402,333,71
687,1943,334,71
845,1082,335,71
849,1349,336,71
1080,121,337,71
1814,448,338,71
1198,718,339,71
1730,1657,340,71
1289,1196,341,71
889,862,342,71
2554,7,343,71
2582,190,344,71
1020,432,345,71
946,489,346,71
2049,1780,347,71
2033,1170,348,71
291,1878,349,71
1200,516,350,71
1342,432,351,71
1298,1872,352,71
3,1309,353,71
1208,1301,354,71
1989,654,355,71
1847,294,356,71
1327,120,357,71
459,422,358,71
2587,1100,359,71
1138,230,360,71
2066,126,361,71
166,175,362,71
983,1825,363,71
1319,670,364,71
1740,55,365,71
583,1391,366,71
159,1897,367,71
2042,329,368,71
1888,142,369,71
1108,1410,370,71
476,636,371,71
1406,1845,372,71
1690,1265,373,71
1690,1071,374,71
551,1738,375,71
1029,1443,376,71
933,1287,377,71
2226,1197,378,71
2409,949,379,71
2478,755,380,71
1551,738,381,71
868,39,382,71
2143,775,383,71
624,1898,384,71
1783,1167,385,71
1627,1746,386,71
2344,1772,387,71
225,1935,388,71
224,1017,389,71
2378,1072,390,71
2488,321,391,71
2569,322,392,71
1117,141,393,71
3,393,394,71
1614,42,395,71
2013,1516,396,71
458,957,397,71
348,1235,398,71
61,1169,399,71
2137,1794,400,71
1149,2,401,71
794,1508,402,71
829,1442,403,71
1809,864,404,71
1577,386,405,71
2263,1543,406,71
1155,1149,407,71
908,719,408,71
413,1671,409,71
949,1682,410,71
257,210,411,71
1004,477,412,71
563,1865,413,71
254,882,414,71
150,364,415,71
2417,297,416,71
506,1338,417,71
510,234,418,71
1554,918,419,71
2482,1245,420,71
1073,1219,421,71
1131,1661,422,71
2110,1521,423,71
1728,209,424,71
1026,562,425,71
794,1001,426,71
1269,915,427,71
1993,853,428,71
1078,1532,429,71
1097,1765,430,71
910,402,431,71
1222,1850,432,71
2589,521,433,71
2470,1525,434,71
578,987,435,71
2026,42,436,71
1896,889,437,71
504,692,438,71
1986,106,439,71
2500,235,440,71
1476,1524,441,71
1628,1225,442,71
2159,1903,443,71
660,1851,444,71
561,1583,445,71
1473,804,446,71
477,1740,447,71
568,390,448,71
1434,1432,449,71
2406,1874,450,71
946,1043,451,71
1929,805,452,71
2240,1469,453,71
602,1639,454,71
423,1835,455,71
1949,1801,456,71
2373,221,457,71
2471,562,458,71
707,534,459,71
1975,219,460,71
1910,21,461,71
1864,1472,462,71
1074,824,463,71
548,456,464,71
1620,1668,465,71
2076,390,466,71
2493,130,467,71
2440,1303,468,71
2438,1774,469,71
93,32,470,71
669,430,471,71
572,1278,472,71
1743,398,473,71
2130,983,474,71
180,68,475,71
167,1305,476,71
1282,1580,477,71
432,286,478,71
698,20,479,71
618,43,480,71
1287,1013,481,71
953,817,482,71
81,472,483,71
1995,736,484,71
188,836,485,71
1852,1094,486,71
1771,722,487,71
42,1657,488,71
2216,414,489,71
1306,1050,490,71
2336,1210,491,71
630,1174,492,71
1864,470,493,71
1486,1608,494,71
344,1092,495,71
1968,1300,496,71
2343,670,497,71
614,1336,498,71
2150,1406,499,71
76,1255,500,71
1606,1438,501,71
1368,42,502,71
1126,1293,503,71
1064,1943,504,71
1536,1612,505,71
1007,1935,506,71
747,1402,507,71
1186,1103,508,71
2003,997,509,71
1780,2,510,71
108,1943,511,71
1901,1401,512,71
1447,1105,513,71
838,450,514,71
2350,151,515,71
2068,1314,516,71
1759,1066,517,71
1043,1872,518,71
1900,1191,519,71
1974,35,520,71
1535,1468,521,71
2493,1124,522,71
2461,660,523,71
492,1882,524,71
2371,725,525,71
1893,1267,526,71
2257,144,527,71
1547,1041,528,71
1885,1149,529,71
515,538,530,71
1636,974,531,71
1884,1624,532,71
598,1080,533,71
2459,456,534,71
598,1943,535,71
1297,515,536,71
540,13,537,71
2199,1532,538,71
1797,1412,539,71
1242,1464,540,71
641,1025,541,71
2307,1390,542,71
897,990,543,71
804,3,544,71
2322,1301,545,71
1587,1172,546,71
2128,1313,547,71
1728,1376,548,71
834,1269,549,71
1660,470,550,71
1788,1276,551,71
467,1801,552,71
474,151,553,71
2145,1047,554,71
1288,1730,555,71
1737,1942,556,71
2531,850,557,71
2522,503,558,71
423,876,559,71
1433,1676,560,71
2590,922,561,71
2536,1163,562,71
2591,105,563,71
1291,1385,564,71
468,1229,565,71
2,1547,566,71
534,1148,567,71
1040,766,568,71
1816,1588,569,71
38,1354,570,71
2503,1722,571,71
2253,1695,572,71
1935,1554,573,71
2591,686,574,71
188,1671,575,71
1610,1509,576,71
1734,1754,577,71
2395,1648,578,71
2495,15,579,71
139,4,580,71
921,2,581,71
2314,1679,582,71
272,1796,583,71
2590,1529,584,71
2057,1943,585,71
1467,2,586,71
2560,1003,587,71
2443,184,588,71
1862,1724,589,71
700,869,590,71
642,71,1,96
1361,1780,2,96
1424,1598,3,96
1256,935,4,96
1482,491,5,96
353,1005,6,96
1015,1159,7,96
1665,246,8,96
1013,61,9,96
1463,1794,10,96
993,1895,11,96
995,20,12,96
1418,1303,13,96
115,1040,14,96
232,1839,15,96
1073,1587,16,96
176,1212,17,96
1268,1779,18,96
1210,981,19,96
499,874,20,96
833,49,21,96
104,1397,22,96
1355,342,23,96
1302,985,24,96
1029,175,25,96
541,340,26,96
1246,242,27,96
1684,1838,28,96
764,29,29,96
727,1354,30,96
1034,898,31,96
1868,1721,32,96
918,605,33,96
209,1088,34,96
979,1245,35,96
520,1789,36,96
142,776,37,96
110,579,38,96
1288,116,39,96
1372,628,40,96
1426,882,41,96
264,264,42,96
2558,366,43,96
588,1075,44,96
1321,870,45,96
140,855,46,96
1892,1779,47,96
1179,1320,48,96
820,1420,49,96
718,1470,50,96
377,233,51,96
2086,156,52,96
1651,933,53,96
1231,746,54,96
1485,769,55,96
1748,464,56,96
1322,9,57,96
2491,1387,58,96
2511,797,59,96
118,1558,60,96
76,904,61,96
1942,843,62,96
203,1513,63,96
1507,1692,64,96
1660,1608,65,96
319,844,66,96
1669,1687,67,96
450,933,68,96
1361,1937,69,96
477,1044,70,96
1525,1552,71,96
569,902,72,96
2371,905,73,96
785,1224,74,96
535,1000,75,96
1706,1126,76,96
1329,189,77,96
14,510,78,96
846,1880,79,96
1199,121,80,96
1826,1794,81,96
637,1938,82,96
329,1131,83,96
436,1597,84,96
252,1318,85,96
1825,437,86,96
1089,201,87,96
1505,1064,88,96
1377,1514,89,96
406,1601,90,96
1980,6,91,96
1913,1132,92,96
1847,359,93,96
15,1802,94,96
1270,1449,95,96
2233,35,96,96
1981,690,97,96
1507,378,98,96
2187,105,99,96
1672,480,100,96
2079,247,101,96
1492,148,102,96
851,1126,103,96
1082,839,104,96
1972,250,105,96
1898,228,106,96
308,1445,107,96
2241,1040,108,96
807,221,109,96
1234,370,110,96
701,216,111,96
330,1713,112,96
1370,1692,113,96
2253,628,114,96
469,190,115,96
622,1848,116,96
1131,1615,117,96
916,1806,118,96
1401,451,119,96
1577,1412,120,96
1946,487,121,96
743,562,122,96
2007,1166,123,96
1447,713,124,96
1452,89,125,96
701,1786,126,96
669,1741,127,96
1035,343,128,96
1877,1004,129,96
960,857,130,96
589,1259,131,96
141,1898,132,96
172,107,133,96
1451,811,134,96
978,1938,135,96
506,1186,136,96
1922,399,137,96
706,1238,138,96
187,1539,139,96
2056,578,140,96
1766,291,141,96
184,1453,142,96
2313,584,143,96
1152,258,144,96
1634,610,145,96
708,114,146,96
1227,1501,147,96
1378,72,148,96
1327,84,149,96
373,1160,150,96
131,481,151,96
1104,30,152,96
764,207,153,96
658,712,154,96
1300,1611,155,96
236,384,156,96
1156,1431,157,96
1575,1858,158,96
208,906,159,96
1124,1238,160,96
366,1602,161,96
1188,172,162,96
228,1025,163,96
1059,397,164,96
2188,688,165,96
2185,1442,166,96
665,1552,167,96
1611,1776,168,96
563,548,169,96
189,9,170,96
764,1576,171,96
167,950,172,96
1313,424,173,96
2045,1872,174,96
760,1842,175,96
2463,457,176,96
1052,1671,177,96
1871,1397,178,96
305,1621,179,96
816,159,180,96
307,566,181,96
1296,174,182,96
1785,112,183,96
697,332,184,96
481,506,185,96
586,24,186,96
796,1730,187,96
2464,1082,188,96
753,1144,189,96
2198,1779,190,96
781,1050,191,96
175,1734,192,96
2138,507,193,96
1205,459,194,96
82,1286,195,96
978,1406,196,96
867,427,197,96
388,131,198,96
1239,817,199,96
1185,1764,200,96
2441,286,201,96
1736,922,202,96
1584,452,203,96
1538,612,204,96
1063,547,205,96
842,1494,206,96
1183,1089,207,96
430,1804,208,96
1700,814,209,96
2038,7,210,96
2243,1353,211,96
1051,8,212,96
2109,690,213,96
332,923,214,96
1805,244,215,96
33,645,216,96
296,330,217,96
1148,68,218,96
1497,1436,219,96
1480,309,220,96
2319,987,221,96
1258,1679,222,96
602,1498,223,96
2393,1904,224,96
2387,753,225,96
919,1421,226,96
2338,403,227,96
1771,726,228,96
1250,45,229,96
180,1664,230,96
1625,1936,231,96
1076,1028,232,96
857,1638,233,96
2301,1104,234,96
245,480,235,96
164,398,236,96
762,683,237,96
898,247,238,96
1607,1863,239,96
412,1485,240,96
1746,546,241,96
2334,1341,242,96
952,68,243,96
1401,152,244,96
2557,1300,245,96
877,6,246,96
931,425,247,96
1194,602,248,96
240,1183,249,96
316,57,250,96
404,832,251,96
2278,315,252,96
263,1688,253,96
2558,1065,254,96
1486,7,255,96
835,309,256,96
2214,1237,257,96
452,79,258,96
661,1074,259,96
2459,1305,260,96
1636,682,261,96
1135,459,262,96
1925,21,263,96
873,729,264,96
2354,507,265,96
200,1355,266,96
213,741,267,96
448,1423,268,96
1090,141,269,96
357,1796,270,96
704,759,271,96
2151,926,272,96
562,665,273,96
2519,637,274,96
2490,1003,275,96
1268,540,276,96
1062,453,277,96
1148,355,278,96
341,623,279,96
894,1475,280,96
1404,1357,281,96
790,1523,282,96
1062,1241,283,96
102,93,284,96
2018,477,285,96
625,270,286,96
1004,824,287,96
1211,525,288,96
471,1345,289,96
142,1789,290,96
1874,1623,291,96
650,207,292,96
1583,28,293,96
560,236,294,96
868,1280,295,96
45,1611,296,96
1015,125,297,96
2058,88,298,96
454,334,299,96
997,899,300,96
1185,1538,301,96
6,1770,302,96
696,1047,303,96
854,297,304,96
212,566,305,96
20,1274,306,96
2556,1656,307,96
1759,1223,308,96
572,448,309,96
1726,1525,310,96
1027,1736,311,96
2221,1074,312,96
1654,1491,313,96
608,600,314,96
1658,544,315,96
1824,640,316,96
1999,1417,317,96
2508,308,318,96
630,414,319,96
982,737,320,96
2234,121,321,96
421,648,322,96
454,719,323,96
302,1764,324,96
359,1489,325,96
2316,725,326,96
501,422,327,96
59,18,328,96
1815,202,329,96
506,1273,330,96
2585,18,331,96
1700,1343,332,96
1809,968,333,96
1985,133,334,96
616,158,335,96
790,520,336,96
2159,1852,337,96
38,1476,338,96
1862,244,339,96
775,1912,340,96
1599,1250,341,96
407,1658,342,96
785,1314,343,96
1253,1003,344,96
422,1105,345,96
2231,1124,346,96
961,1668,347,96
2473,894,348,96
2112,213,349,96
1700,714,350,96
965,344,351,96
1100,1077,352,96
1002,992,353,96
1374,806,354,96
1573,873,355,96
1572,347,356,96
1310,275,357,96
1628,1347,358,96
464,1546,359,96
82,1793,360,96
1249,1059,361,96
428,377,362,96
2178,1929,363,96
873,644,364,96
1988,616,365,96
1718,80,366,96
637,1008,367,96
2310,1775,368,96
1483,421,369,96
418,1242,370,96
854,124,371,96
1081,1488,372,96
78,1200,373,96
2367,822,374,96
650,1377,375,96
988,231,376,96
2028,866,377,96
887,955,378,96
456,1879,379,96
1993,982,380,96
356,1892,381,96
2422,127,382,96
2317,18,383,96
1557,209,384,96
1975,78,385,96
128,702,386,96
625,1639,387,96
1218,1883,388,96
385,448,389,96
1531,1641,390,96
1466,1180,391,96
1532,77,392,96
2416,1651,393,96
1961,1736,394,96
709,450,395,96
670,283,396,96
1217,873,397,96
1397,256,398,96
35,728,399,96
113,1122,400,96
682,860,401,96
1600,193,402,96
764,419,403,96
1458,547,404,96
2132,578,405,96
2279,1439,406,96
832,988,407,96
1451,1032,408,96
348,735,409,96
2174,1715,410,96
254,1547,411,96
1410,1844,412,96
2379,1511,413,96
2175,1832,414,96
1750,31,415,96
2406,1177,416,96
1763,176,417,96
619,1576,418,96
1908,19,419,96
2590,246,420,96
620,990,421,96
1251,150,422,96
318,695,423,96
928,1566,424,96
956,543,425,96
2283,449,426,96
1702,360,427,96
1333,53,428,96
2008,790,429,96
1892,1288,430,96
2064,1247,431,96
2025,1592,432,96
427,994,433,96
877,820,434,96
1628,137,435,96
1330,1130,436,96
2221,839,437,96
2546,427,438,96
1954,1234,439,96
518,54,440,96
236,43,441,96
308,1212,442,96
409,1742,443,96
22,86,444,96
1881,535,445,96
1533,972,446,96
1672,111,447,96
2518,1229,448,96
1415,527,449,96
1833,1943,450,96
1305,1331,451,96
1071,1384,452,96
1451,1514,453,96
1714,1786,454,96
28,970,455,96
275,1890,456,96
979,454,457,96
1517,510,458,96
1181,10,459,96
1565,705,460,96
816,785,461,96
1005,629,462,96
941,1206,463,96
2492,1538,464,96
1724,116,465,96
615,960,466,96
99,1712,467,96
477,595,468,96
1811,799,469,96
31,828,470,96
728,1631,471,96
602,792,472,96
456,1923,473,96
1268,701,474,96
1288,1868,475,96
1956,1534,476,96
1260,1227,477,96
1587,1150,478,96
499,808,479,96
559,1609,480,96
1453,1939,481,96
1675,1270,482,96
1211,670,483,96
1827,1476,484,96
1962,337,485,96
1366,925,486,96
2088,1679,487,96
934,165,488,96
1685,1046,489,96
512,1659,490,96
819,242,491,96
14,1856,492,96
1306,1060,493,96
2132,1545,494,96
1131,516,495,96
545,1467,496,96
1896,746,497,96
2569,1583,498,96
920,1062,499,96
1583,1306,500,96
562,1718,501,96
331,1377,502,96
2423,1600,503,96
1368,1418,504,96
1786,1328,505,96
813,875,506,96
2186,301,507,96
3,1169,508,96
598,1154,509,96
1401,613,510,96
1105,681,511,96
130,254,512,96
2060,1791,513,96
2458,696,514,96
1245,291,515,96
533,1544,516,96
2544,108,517,96
694,277,518,96
1352,495,519,96
2315,91,520,96
2118,1011,521,96
319,390,522,96
2229,1675,523,96
448,3,524,96
749,267,525,96
1141,978,526,96
368,1325,527,96
493,674,528,96
1601,1080,529,96
2287,915,530,96
2469,360,531,96
1278,640,532,96
2144,357,533,96
357,685,534,96
2582,1007,535,96
444,247,536,96
1035,405,537,96
1133,394,538,96
1122,904,539,96
926,765,540,96
1639,1323,541,96
2411,535,542,96
1771,1039,543,96
2514,37,544,96
1599,301,545,96
933,1330,546,96
67,324,547,96
1669,18,548,96
386,1942,549,96
210,658,550,96
2362,648,551,96
721,949,552,96
2078,1943,553,96
2251,1598,554,96
1582,1507,555,96
2358,308,556,96
2087,1323,557,96
657,517,558,96
1939,1870,559,96
1848,580,560,96
1505,1263,561,96
1038,1863,562,96
2359,206,563,96
1252,1081,564,96
173,198,565,96
2040,324,566,96
2121,1127,567,96
2539,854,568,96
144,246,569,96
1341,717,570,96
561,1370,571,96
1982,1943,572,96
1139,746,573,96
1233,1249,574,96
2071,445,575,96
2140,1364,576,96
2429,1443,577,96
2557,1722,578,96
2,1406,579,96
2221,224,580,96
221,1594,581,96
1175,1159,582,96
3,14,583,96
288,175,584,96
35,226,585,96
1996,539,586,96
2351,1258,587,96
959,1747,588,96
303,630,589,96
1697,1475,590,96
2551,564,591,96
1345,573,592,96
3,1521,593,96
242,1494,594,96
2213,453,595,96
882,464,596,96
934,924,597,96
1700,410,598,96
2114,1471,599,96
1570,1941,600,96
696,1145,601,96
1358,1216,602,96
2008,935,603,96
5,424,604,96
3,304,605,96
913,236,606,96
1608,764,607,96
810,1448,608,96
1775,1638,609,96
1962,1665,610,96
1039,1251,611,96
2006,344,612,96
1281,772,613,96
1075,1940,614,96
832,1750,615,96
819,354,616,96
1314,768,617,96
1210,1943,618,96
1484,1240,619,96
1866,604,620,96
913,394,621,96
4,276,622,96
2591,816,623,96
1826,50,624,96
757,1800,625,96
2425,1166,626,96
2501,696,627,96
1944,582,628,96
2017,252,629,96
1166,1942,630,96
2249,290,631,96
2076,350,632,96
2591,1217,633,96
2590,613,634,96
2590,1311,635,96
1832,1181,636,96
1089,963,637,96
1824,1762,638,96
2109,829,639,96
1729,1943,640,96
1761,1878,641,96
1812,562,642,96
1254,1349,643,96
2272,778,644,96
890,1657,645,96
1692,1727,646,96
2359,1480,647,96
1856,2,648,96
742,862,649,96
698,1462,1,97
738,288,2,97
341,783,3,97
63,160,4,97
350,892,5,97
576,689,6,97
1004,93,7,97
623,366,8,97
547,769,9,97
1358,504,10,97
1315,862,11,97
446,698,12,97
798,344,13,97
40,1148,14,97
1108,984,15,97
931,210,16,97
1156,1465,17,97
1241,907,18,97
976,1047,19,97
907,1074,20,97
1179,959,21,97
1174,1827,22,97
1058,1194,23,97
828,12,24,97
908,616,25,97
1039,1504,26,97
619,825,27,97
509,822,28,97
800,1202,29,97
646,438,30,97
65,1291,31,97
446,900,32,97
323,1345,33,97
130,1910,34,97
437,1220,35,97
1149,348,36,97
1032,612,37,97
558,1525,38,97
992,2,39,97
1218,1036,40,97
446,1117,41,97
440,1906,42,97
436,304,43,97
851,222,44,97
453,1005,45,97
517,44,46,97
415,409,47,97
98,1159,48,97
620,1724,49,97
233,1051,50,97
990,751,51,97
954,1113,52,97
606,1095,53,97
521,203,54,97
1322,970,55,97
170,752,56,97
509,1216,57,97
608,1411,58,97
458,1773,59,97
508,1496,60,97
257,201,61,97
119,25,62,97
898,1138,63,97
1352,243,64,97
435,1529,65,97
893,1810,66,97
1477,688,67,97
1259,335,68,97
1329,430,69,97
863,1500,70,97
934,1758,71,97
1228,1246,72,97
1399,1244,73,97
1035,1416,74,97
813,1431,75,97
1477,1511,76,97
1242,1141,77,97
284,1004,78,97
836,1091,79,97
1361,635,80,97
699,1204,81,97
166,119,82,97
763,187,83,97
525,1330,84,97
846,1582,85,97
726,1637,86,97
671,907,87,97
1139,1725,88,97
1194,302,89,97
1602,1488,90,97
1213,416,91,97
1559,777,92,97
426,813,93,97
450,1395,94,97
1066,266,95,97
1621,996,96,97
634,1472,97,97
1356,1460,98,97
1162,490,99,97
93,733,100,97
949,1269,101,97
422,1333,102,97
1240,217,103,97
1654,1569,104,97
1177,1208,105,97
1106,1375,106,97
921,1421,107,97
1440,1098,108,97
888,879,109,97
970,463,110,97
1277,478,111,97
1082,712,112,97
1314,1735,113,97
1318,194,114,97
1667,1168,115,97
290,1411,116,97
146,1704,117,97
1403,42,118,97
1563,679,119,97
1432,290,120,97
1583,1103,121,97
1046,1106,122,97
931,803,123,97
278,769,124,97
1126,189,125,97
1593,880,126,97
1054,426,127,97
848,294,128,97
1515,1264,129,97
1124,882,130,97
664,1092,131,97
173,1146,132,97
558,1026,133,97
383,1150,134,97
1071,1104,135,97
27,693,136,97
751,778,137,97
1521,55,138,97
397,1684,139,97
1096,87,140,97
1331,1621,141,97
846,1898,142,97
1599,1400,143,97
675,724,144,97
1445,647,145,97
977,1190,146,97
653,537,147,97
1293,1154,148,97
592,961,149,97
397,1057,150,97
82,969,151,97
1100,1857,152,97
25,750,153,97
804,873,154,97
1309,569,155,97
870,1208,156,97
1298,278,157,97
849,741,158,97
1575,1591,159,97
678,183,160,97
1231,1517,161,97
727,856,162,97
1421,565,163,97
1379,1715,164,97
1635,829,165,97
421,164,166,97
1144,746,167,97
1262,1798,168,97
1524,971,169,97
662,1534,170,97
1484,1352,171,97
373,1415,172,97
618,27,173,97
746,1348,174,97
1652,329,175,97
1643,1343,176,97
179,407,177,97
259,46,178,97
1320,1517,179,97
230,143,180,97
1049,354,181,97
1278,661,182,97
455,1833,183,97
960,1335,184,97
604,1185,185,97
994,1718,186,97
919,1502,187,97
551,918,188,97
713,1425,189,97
349,109,190,97
1541,1057,191,97
460,113,192,97
841,142,193,97
1276,1576,194,97
1143,1320,195,97
697,95,196,97
988,1584,197,97
973,1258,198,97
1282,3,199,97
1002,1634,200,97
205,987,201,97
26,1866,202,97
1113,1535,203,97
257,433,204,97
1584,197,205,97
289,1571,206,97
211,717,207,97
1643,25,208,97
508,610,209,97
957,347,210,97
531,391,211,97
149,1224,212,97
12,1300,213,97
776,1025,214,97
1010,178,215,97
1153,425,216,97
355,1918,217,97
197,899,218,97
280,1177,219,97
876,458,220,97
420,493,221,97
1489,496,222,97
104,507,223,97
1167,597,224,97
1081,828,225,97
158,1507,226,97
1243,568,227,97
780,668,228,97
39,844,229,97
137,1589,230,97
750,1241,231,97
1248,126,232,97
278,351,233,97
193,1921,234,97
975,886,235,97
1040,1295,236,97
1526,270,237,97
360,1229,238,97
663,1363,239,97
241,1454,240,97
605,609,241,97
489,1675,242,97
252,859,243,97
344,1590,244,97
1508,582,245,97
1459,1231,246,97
549,1428,247,97
1695,366,248,97
240,1576,249,97
1219,706,250,97
1281,1493,251,97
1153,3,252,97
223,1737,253,97
707,1019,254,97
1215,822,255,97
1179,173,256,97
756,1532,257,97
540,1793,258,97
1216,1716,259,97
1466,979,260,97
726,1780,261,97
349,1734,262,97
1496,371,263,97
874,677,264,97
164,1807,265,97
1423,170,266,97
666,1282,267,97
101,1067,268,97
1559,1821,269,97
1335,108,270,97
1306,1284,271,97
1255,764,272,97
295,672,273,97
56,637,274,97
609,128,275,97
761,718,276,97
1279,1377,277,97
965,555,278,97
215,518,279,97
1696,1085,280,97
614,1291,281,97
604,1827,282,97
1354,732,283,97
1614,1289,284,97
1639,609,285,97
1507,461,286,97
1590,491,287,97
795,1898,288,97
1594,368,289,97
451,1641,290,97
1393,988,291,97
691,1710,292,97
1606,1207,293,97
1501,1858,294,97
1536,1460,295,97
224,612,296,97
1519,1137,297,97
881,1276,298,97
1258,1880,299,97
1191,1938,300,97
520,1072,301,97
136,869,302,97
1106,648,303,97
240,1323,304,97
1274,1466,305,97
718,1942,306,97
1071,1767,307,97
1431,481,308,97
332,1523,309,97
327,1105,310,97
373,1821,311,97
746,395,312,97
1028,1007,313,97
1205,1368,314,97
116,601,315,97
717,602,316,97
1684,870,317,97
1426,846,318,97
1280,1651,319,97
1001,1013,320,97
745,1112,321,97
920,581,322,97
2,1138,323,97
1401,124,324,97
1041,936,325,97
494,495,326,97
1386,357,327,97
903,1711,328,97
63,270,329,97
178,250,330,97
1172,243,331,97
140,359,332,97
1141,1117,333,97
798,1779,334,97
86,1846,335,97
586,493,336,97
971,1850,337,97
995,47,338,97
711,745,339,97
1501,152,340,97
309,1790,341,97
1665,201,342,97
758,1722,343,97
159,1310,344,97
81,421,345,97
794,471,346,97
846,697,347,97
1113,1250,348,97
1146,478,349,97
398,226,350,97
263,1858,351,97
216,346,352,97
364,668,353,97
472,353,354,97
402,579,355,97
469,556,356,97
333,7,357,97
138,958,358,97
1322,1082,359,97
560,1640,360,97
1113,29,361,97
28,990,362,97
1313,422,363,97
153,486,364,97
1125,1800,365,97
548,150,366,97
1588,2,367,97
1193,1606,368,97
1379,1059,369,97
916,20,370,97
345,497,371,97
915,218,372,97
1365,1943,373,97
1020,1227,374,97
1534,1393,1,149
2555,1735,2,149
985,1598,3,149
2523,1855,4,149
2563,1618,5,149
1820,1341,6,149
2431,1927,7,149
2343,1588,8,149
1941,216,9,149
2183,1459,10,149
2122,1674,11,149
2275,1417,12,149
1780,1542,13,149
1072,1133,14,149
2508,926,15,149
1858,1597,16,149
2340,318,17,149
2031,449,18,149
1781,853,19,149
2186,74,20,149
1693,1631,21,149
1734,180,22,149
2439,60,23,149
2074,1538,24,149
1981,931,25,149
1794,1131,26,149
1346,1067,27,149
1619,1906,28,149
1591,1424,29,149
2544,383,30,149
1760,1898,31,149
1876,376,32,149
1221,1652,33,149
1051,820,34,149
1465,1531,35,149
2575,250,36,149
1346,355,37,149
1600,1727,38,149
2261,1348,39,149
1987,1334,40,149
2186,1926,41,149
1478,1075,42,149
2415,1455,43,149
1909,605,44,149
1279,1144,45,149
1293,21,46,149
305,966,47,149
967,194,48,149
1381,1516,49,149
480,142,50,149
1773,574,51,149
2225,1661,52,149
1490,576,53,149
1551,1155,54,149
2037,1437,55,149
2044,1822,56,149
2090,363,57,149
1865,1191,58,149
2201,1218,59,149
1491,72,60,149
2144,1328,61,149
1955,135,62,149
2058,114,63,149
1071,1344,64,149
2385,282,65,149
2084,1043,66,149
1606,687,67,149
546,275,68,149
2367,438,69,149
2053,531,70,149
12,1910,71,149
1936,426,72,149
2582,1111,73,149
1352,259,74,149
2288,1921,75,149
1194,61,76,149
2339,487,77,149
940,85,78,149
1811,248,79,149
1953,1534,80,149
1189,172,81,149
2111,1867,82,149
1378,636,83,149
313,189,84,149
1829,778,85,149
1631,792,86,149
2550,87,87,149
1189,414,88,149
2578,725,89,149
2096,594,90,149
1253,1304,91,149
2199,1763,92,149
1878,77,93,149
208,1342,94,149
1962,1209,95,149
2344,647,96,149
866,1903,97,149
1076,439,98,149
2020,682,99,149
1562,467,100,149
788,584,101,149
1312,1730,102,149
1653,885,103,149
346,514,104,149
2361,1866,105,149
1663,1120,106,149
2128,469,107,149
1331,1613,108,149
1679,197,109,149
2163,212,110,149
747,1124,111,149
1424,307,112,149
891,222,113,149
1136,1790,114,149
699,918,115,149
1586,1583,116,149
1448,189,117,149
2037,197,118,149
1325,797,119,149
797,736,120,149
1262,1463,121,149
1764,1660,122,149
2014,606,123,149
400,405,124,149
1778,670,125,149
208,161,126,149
1718,450,127,149
905,1619,128,149
291,377,129,149
2122,142,130,149
1056,1933,131,149
1119,1015,132,149
618,15,133,149
971,400,134,149
2288,905,135,149
2321,825,136,149
2217,551,137,149
268,113,138,149
2430,1771,139,149
2013,1708,140,149
724,670,141,149
560,734,142,149
2207,1149,143,149
1285,569,144,149
77,1620,145,149
1748,938,146,149
2164,374,147,149
2009,1163,148,149
2082,254,149,149
1489,1650,150,149
2079,831,151,149
1237,1869,152,149
2548,489,153,149
1918,9,154,149
489,795,155,149
927,1344,156,149
2388,914,157,149
1570,55,158,149
1091,705,159,149
1925,1438,160,149
2186,146,161,149
82,588,162,149
2485,1362,163,149
2265,757,164,149
1144,1262,165,149
1587,600,166,149
1373,1837,167,149
133,83,168,149
1898,997,169,149
52,436,170,149
375,85,171,149
1221,1565,172,149
1250,768,173,149
2082,1277,174,149
2421,1018,175,149
1895,891,176,149
1715,1740,177,149
1648,1518,178,149
721,989,179,149
2487,249,180,149
489,945,181,149
2279,433,182,149
1429,780,183,149
2048,1937,184,149
2281,528,185,149
2210,494,186,149
1013,1423,187,149
11,841,188,149
1643,1285,189,149
834,386,190,149
453,553,191,149
1009,534,192,149
1095,233,193,149
886,798,194,149
1640,545,195,149
395,1459,196,149
803,958,197,149
159,1307,198,149
1488,382,199,149
1808,480,200,149
1904,1106,201,149
1226,625,202,149
1924,813,203,149
487,370,204,149
1596,214,205,149
675,161,206,149
2562,170,207,149
51,160,208,149
168,306,209,149
1478,1815,210,149
969,682,211,149
983,1000,212,149
241,1803,213,149
2302,224,214,149
681,827,215,149
1043,316,216,149
2074,897,217,149
740,1491,218,149
800,1791,219,149
2431,397,220,149
755,1284,221,149
724,1366,222,149
1878,525,223,149
1792,1005,224,149
613,1343,225,149
321,1910,226,149
624,660,227,149
2481,318,228,149
496,1862,229,149
1382,1333,230,149
1672,486,231,149
2388,740,232,149
409,1302,233,149
798,185,234,149
2192,1554,235,149
547,481,236,149
1135,1447,237,149
964,450,238,149
1273,344,239,149
660,1445,240,149
549,1218,241,149
1036,1691,242,149
1499,681,243,149
1307,980,244,149
1394,40,245,149
2295,1826,246,149
1429,460,247,149
1954,329,248,149
614,406,249,149
920,1491,250,149
1621,364,251,149
159,997,252,149
419,271,253,149
1020,1090,254,149
264,614,255,149
683,303,256,149
205,1655,257,149
680,1787,258,149
85,1053,259,149
2225,685,260,149
2551,328,261,149
1822,333,262,149
2338,46,263,149
2417,788,264,149
672,1101,265,149
261,1431,266,149
1774,13,267,149
2156,664,268,149
2308,361,269,149
1509,903,270,149
13,1109,271,149
1241,239,272,149
777,27,273,149
1126,315,274,149
419,627,275,149
409,697,276,149
1722,338,277,149
82,1177,278,149
1168,1726,279,149
2286,1729,280,149
104,257,281,149
1362,1200,282,149
428,1625,283,149
704,9,284,149
638,1221,285,149
2565,7,286,149
1215,1220,287,149
2081,1158,288,149
790,1684,289,149
95,878,290,149
504,478,291,149
117,1508,292,149
1180,886,293,149
1395,887,294,149
265,1090,295,149
1191,1105,296,149
1001,116,297,149
2250,605,298,149
185,395,299,149
1783,115,300,149
2039,774,301,149
2454,179,302,149
309,773,303,149
283,9,304,149
2510,427,305,149
1366,435,306,149
2021,317,307,149
756,557,308,149
429,788,309,149
792,93,310,149
2174,833,311,149
364,1182,312,149
515,1455,313,149
1949,1839,314,149
2377,154,315,149
1317,505,316,149
2581,844,317,149
458,1544,318,149
8,1540,319,149
2437,581,320,149
825,458,321,149
805,1864,322,149
1902,728,323,149
1401,1434,324,149
590,115,325,149
1029,1852,326,149
1566,309,327,149
542,1354,328,149
2587,1013,329,149
2315,1660,330,149
1064,616,331,149
1700,1202,332,149
24,1686,333,149
1913,1941,334,149
150,857,335,149
1170,789,336,149
1378,1684,337,149
2587,1362,338,149
108,1406,339,149
2301,138,340,149
1501,1003,341,149
6,981,342,149
1884,1319,343,149
2541,623,344,149
895,1245,345,149
414,999,346,149
687,461,347,149
378,872,348,149
202,1243,349,149
898,568,350,149
550,863,351,149
2486,694,352,149
611,1685,353,149
980,908,354,149
2033,1635,355,149
2559,1533,356,149
719,1661,357,149
2324,1497,358,149
303,277,359,149
2293,5,360,149
951,310,361,149
712,1941,362,149
255,1575,363,149
380,1095,364,149
1313,160,365,149
604,575,366,149
1075,1553,367,149
220,860,368,149
499,5,369,149
578,1118,370,149
926,1774,371,149
789,290,372,149
2222,1027,373,149
677,1858,374,149
41,1812,375,149
1571,958,376,149
301,695,377,149
3,183,378,149
49,4,379,149
1828,181,380,149
2457,503,381,149
1558,833,382,149
455,1769,383,149
576,201,384,149
326,1278,385,149
173,1876,386,149
856,1118,387,149
458,1943,388,149
189,527,389,149
370,1799,390,149
281,1724,391,149
2352,953,392,149
2155,743,393,149
366,1694,394,149
1562,1802,395,149
1840,1856,396,149
1089,98,397,149
4,758,398,149
203,2,399,149
828,1385,400,149
2,1196,401,149
1432,4,402,149
860,3,403,149
637,981,404,149
128,715,405,149
1699,1355,406,149
1041,1207,407,149
1705,1818,408,149
3,83,409,149
957,1887,410,149
1645,1819,411,149
1699,733,412,149
3,1283,413,149
1651,2,414,149
639,1519,415,149
318,1537,416,149
1292,1941,417,149
1019,3,418,149
2590,1405,419,149
1203,1942,420,149
136,1943,421,149
1466,1253,422,149
2,1453,423,149
1157,522,424,149
1443,1249,425,149
2590,1807,426,149
2151,2,427,149
2,593,428,149
3,283,429,149
2209,1866,430,149
2311,1746,431,149
1884,1685,432,149
2486,1693,433,149
2587,1877,434,149
1655,1011,435,149
142,1814,436,149
1786,1672,437,149
699,1502,438,149
4,1794,439,149
1470,1937,440,149
1125,3,441,149
2216,1299,442,149
2235,942,443,149
176,1281,444,149
2411,1674,445,149
2567,962,1,203
1251,1632,2,203
2206,562,3,203
1160,1090,4,203
244,801,5,203
2433,700,6,203
358,311,7,203
1677,1889,8,203
146,591,9,203
2060,251,10,203
1244,45,11,203
2347,1208,12,203
1600,1527,13,203
2012,1266,14,203
82,838,15,203
867,803,16,203
2507,906,17,203
2314,1150,18,203
311,740,19,203
370,427,20,203
1883,1563,21,203
754,771,22,203
1918,1240,23,203
2066,1326,24,203
2178,1458,25,203
1253,536,26,203
1504,1648,27,203
555,398,28,203
1600,1704,29,203
1350,547,30,203
1182,511,31,203
108,1032,32,203
316,245,33,203
1044,417,34,203
635,1915,35,203
1439,262,36,203
943,592,37,203
396,977,38,203
2017,820,39,203
1363,1313,40,203
1277,185,41,203
2044,1083,42,203
44,1559,43,203
1489,317,44,203
2054,1921,45,203
42,928,46,203
209,556,47,203
2059,394,48,203
143,1750,49,203
1205,271,50,203
2279,1404,51,203
1322,12,52,203
1567,211,53,203
1727,25,54,203
244,327,55,203
721,308,56,203
213,880,57,203
2321,724,58,203
1187,616,59,203
1206,1006,60,203
1334,382,61,203
113,1296,62,203
1186,1495,63,203
500,26,64,203
539,870,65,203
758,1941,66,203
468,923,67,203
577,1224,68,203
1208,347,69,203
1663,1646,70,203
904,567,71,203
240,258,72,203
1743,1067,73,203
4,1456,74,203
1877,389,75,203
621,168,76,203
413,373,77,203
2126,1176,78,203
627,1597,79,203
1263,1088,80,203
342,663,81,203
2586,1204,82,203
2551,1070,83,203
4,276,84,203
820,902,85,203
973,1014,86,203
120,1395,87,203
47,1680,88,203
270,1113,89,203
517,1665,90,203
831,1341,91,203
405,29,92,203
1314,303,93,203
43,624,94,203
1165,1281,95,203
1952,1028,96,203
2244,944,97,203
354,192,98,203
234,1400,99,203
64,1193,100,203
802,1733,101,203
884,3,102,203
1007,1831,103,203
1079,722,104,203
2177,1351,105,203
1681,890,106,203
1829,1683,107,203
615,887,108,203
685,910,109,203
152,1494,110,203
822,885,111,203
1868,174,112,203
1885,515,113,203
1730,700,114,203
262,308,115,203
2554,1557,116,203
447,295,117,203
610,988,118,203
291,1023,119,203
2170,1068,120,203
1940,1638,121,203
2014,1553,122,203
899,703,123,203
1754,791,124,203
81,133,125,203
1880,631,126,203
1407,787,127,203
1679,1572,128,203
1020,1420,129,203
594,1368,130,203
116,248,131,203
269,22,132,203
1843,736,133,203
2145,966,134,203
1242,1908,135,203
1169,797,136,203
2233,325,137,203
425,102,138,203
1391,437,139,203
801,1417,140,203
2542,681,141,203
1409,564,142,203
1567,1343,143,203
261,666,144,203
650,1403,145,203
1070,1386,146,203
648,579,147,203
2492,435,148,203
719,1358,149,203
1954,1518,150,203
2459,1756,151,203
2463,1904,152,203
2165,1295,153,203
328,917,154,203
2123,147,155,203
1287,1690,156,203
1447,1736,157,203
957,1094,158,203
1287,924,159,203
1771,319,160,203
1079,579,161,203
1394,922,162,203
2220,643,163,203
1057,2,164,203
2587,1042,165,203
585,1093,166,203
482,1027,167,203
4,173,168,203
2075,1399,169,203
1112,500,170,203
2456,1842,171,203
324,596,172,203
59,1438,173,203
2283,1238,174,203
2516,305,175,203
1374,865,176,203
1103,1194,177,203
1750,1741,178,203
795,837,179,203
2147,1237,180,203
304,585,181,203
2177,1227,182,203
909,1343,183,203
2556,1161,184,203
939,1767,185,203
1496,906,186,203
2329,578,187,203
2070,1008,188,203
2233,662,189,203
2258,989,190,203
982,936,191,203
1180,905,192,203
2121,1532,193,203
2,447,194,203
1524,1800,195,203
1411,969,196,203
1879,1076,197,203
295,1811,198,203
1462,2,199,203
368,1099,200,203
1776,1565,201,203
691,1747,202,203
366,3,203,203
1574,1252,204,203
227,1576,205,203
243,24,206,203
2,1163,207,203
2344,1443,208,203
1962,363,209,203
759,173,210,203
4,244,211,203
1190,1601,212,203
2190,1647,213,203
92,241,214,203
3,474,215,203
28,1781,1,205
452,861,2,205
35,305,3,205
1470,415,4,205
639,576,5,205
729,1812,6,205
1972,700,7,205
2236,1327,8,205
764,128,9,205
1471,603,10,205
2009,237,11,205
140,43,12,205
237,549,13,205
1896,415,14,205
2496,1501,15,205
1157,435,16,205
242,871,17,205
2141,901,18,205
1043,205,19,205
563,887,20,205
2006,1472,21,205
851,1285,22,205
1554,1436,23,205
122,934,24,205
2515,391,25,205
1001,1544,26,205
2467,1091,27,205
1788,689,28,205
598,675,29,205
1839,646,30,205
1035,980,31,205
630,1838,32,205
469,1399,33,205
115,805,34,205
372,140,35,205
1198,781,36,205
260,459,37,205
229,1050,38,205
2308,1157,39,205
448,631,40,205
1973,983,41,205
350,1856,42,205
1200,916,43,205
1182,1734,44,205
148,574,45,205
2423,1605,46,205
1256,1088,47,205
677,233,48,205
976,901,49,205
759,876,50,205
1285,1023,51,205
1700,1515,52,205
613,397,53,205
626,764,54,205
174,412,55,205
56,1625,56,205
1515,1919,57,205
240,622,58,205
235,45,59,205
2284,334,60,205
862,708,61,205
2340,1695,62,205
335,388,63,205
1833,1257,64,205
2337,402,65,205
1835,333,66,205
753,512,67,205
652,120,68,205
788,1437,69,205
1292,820,70,205
1829,1386,71,205
1027,71,72,205
365,4,73,205
481,60,74,205
1158,1892,75,205
2089,1283,76,205
98,1722,77,205
1284,1772,78,205
1424,57,79,205
979,733,80,205
1151,858,81,205
552,958,82,205
1297,1518,83,205
60,1047,84,205
2079,371,85,205
204,945,86,205
7,463,87,205
368,506,88,205
1393,539,89,205
2422,881,90,205
983,569,91,205
162,1205,92,205
696,366,93,205
1060,1891,94,205
1709,838,95,205
1402,1258,96,205
929,458,97,205
340,866,98,205
1817,756,99,205
772,424,100,205
1049,874,101,205
1165,1306,102,205
2052,1177,103,205
1325,618,104,205
1399,792,105,205
2421,1135,106,205
72,467,107,205
2121,34,108,205
1980,314,109,205
181,1281,110,205
20,1492,111,205
474,1658,112,205
1271,1323,113,205
34,906,114,205
1682,1764,115,205
1440,991,116,205
153,1826,117,205
372,1573,118,205
2408,1282,119,205
1660,1582,120,205
282,1727,121,205
1554,1012,122,205
1748,946,123,205
159,1938,124,205
1505,791,125,205
497,1305,126,205
907,789,127,205
2352,1373,128,205
1251,1390,129,205
48,41,130,205
1722,574,131,205
1670,1008,132,205
503,1815,133,205
2147,263,134,205
1079,476,135,205
1796,142,136,205
1380,228,137,205
235,1855,138,205
1033,1627,139,205
2210,1917,140,205
607,1935,141,205
2519,901,142,205
1472,1442,143,205
2027,782,144,205
2012,1381,145,205
231,1406,146,205
465,1489,147,205
232,1518,148,205
747,1367,149,205
105,1143,150,205
1694,1861,151,205
1651,1242,152,205
902,1001,153,205
859,183,154,205
1482,910,155,205
2023,457,156,205
1926,142,157,205
2514,1253,158,205
1987,1631,159,205
1667,1676,160,205
1100,1790,161,205
1472,304,162,205
1542,235,163,205
1249,276,164,205
653,1369,165,205
2154,520,166,205
1237,372,167,205
872,1714,168,205
2122,1606,169,205
1458,1661,170,205
84,1286,171,205
64,1842,172,205
1544,1198,173,205
66,1397,174,205
1145,175,175,205
1477,709,176,205
2496,1812,177,205
622,1298,178,205
1224,221,179,205
825,1878,180,205
430,1789,181,205
1127,569,182,205
2242,577,183,205
994,468,184,205
1569,1750,185,205
1591,909,186,205
2306,1250,187,205
2002,1278,188,205
985,1459,189,205
1151,1573,190,205
601,1183,191,205
2584,632,192,205
131,1483,193,205
2222,1503,194,205
577,1564,195,205
360,1713,196,205
282,1485,197,205
2156,1252,198,205
2231,1173,199,205
498,1130,200,205
360,782,201,205
689,1630,202,205
903,1812,203,205
1267,1696,204,205
883,1572,205,205
1161,1155,206,205
1109,1242,207,205
1423,1526,208,205
1878,815,209,205
2295,801,210,205
1387,146,211,205
814,1626,212,205
1262,1932,213,205
2009,1739,214,205
33,1921,215,205
298,978,216,205
2446,548,217,205
1253,1618,218,205
921,646,219,205
2142,750,220,205
1142,1478,221,205
1894,523,222,205
2199,1394,223,205
2339,1941,224,205
1033,1379,225,205
880,1156,226,205
1885,48,227,205
1103,237,228,205
2010,905,229,205
1621,9,230,205
1778,83,231,205
1421,1782,232,205
1423,893,233,205
1440,1861,234,205
1308,462,235,205
1509,157,236,205
446,973,237,205
2121,1351,238,205
678,934,239,205
521,802,240,205
1404,1061,241,205
1578,1095,242,205
1541,1611,243,205
904,1361,244,205
329,584,245,205
1758,1328,246,205
2564,1182,247,205
479,1941,248,205
324,248,249,205
433,1895,250,205
1894,1459,251,205
963,1085,252,205
214,1158,253,205
918,13,254,205
1251,1167,255,205
1827,1534,256,205
2353,495,257,205
2245,1062,258,205
443,1587,259,205
2260,1582,260,205
1334,916,261,205
1871,1141,262,205
1965,37,263,205
1786,1430,264,205
577,1016,265,205
974,137,266,205
751,719,267,205
1231,637,268,205
971,1687,269,205
703,1140,270,205
362,1116,271,205
862,551,272,205
2178,680,273,205
600,47,274,205
1862,927,275,205
2159,1701,276,205
320,1260,277,205
1803,1924,278,205
174,1693,279,205
619,826,280,205
1903,1663,281,205
195,1770,282,205
2324,663,283,205
636,1023,284,205
2130,1098,285,205
258,352,286,205
1326,1854,287,205
249,143,288,205
291,1089,289,205
1966,567,290,205
775,1025,291,205
1217,522,292,205
455,1078,293,205
2084,542,294,205
711,1518,295,205
1803,1683,296,205
176,101,297,205
1909,1935,298,205
1285,100,299,205
1001,1834,300,205
331,1371,301,205
294,1603,302,205
756,18,303,205
2459,151,304,205
2168,1005,305,205
1308,735,306,205
2416,1851,307,205
1197,1523,308,205
1924,877,309,205
922,341,310,205
902,1452,311,205
1597,426,312,205
2188,851,313,205
2467,1688,314,205
427,535,315,205
850,835,316,205
2252,920,317,205
2352,723,318,205
313,717,319,205
1626,612,320,205
2444,723,321,205
2277,449,322,205
943,79,323,205
1626,510,324,205
1213,1846,325,205
748,1727,326,205
2178,1791,327,205
1599,783,328,205
2538,1761,329,205
1527,1848,330,205
2113,1550,331,205
2435,1768,332,205
1690,1156,333,205
503,1607,334,205
945,1249,335,205
581,535,336,205
2263,1827,337,205
2497,296,338,205
2585,289,339,205
1284,3,340,205
1399,1344,341,205
1719,469,342,205
726,1274,343,205
737,1185,344,205
997,839,345,205
1527,503,346,205
377,1381,347,205
2362,982,348,205
1227,1233,349,205
1789,431,350,205
2019,129,351,205
1315,393,352,205
1675,72,353,205
2180,438,354,205
328,72,355,205
66,146,356,205
1820,546,357,205
2050,1083,358,205
1090,1075,359,205
1924,1354,360,205
788,1533,361,205
2452,438,362,205
2409,75,363,205
2317,1824,364,205
1598,1361,365,205
258,1943,366,205
1812,1803,367,205
1586,696,368,205
2354,598,369,205
621,204,370,205
1362,360,371,205
2251,35,372,205
1088,35,373,205
1361,1410,374,205
1051,756,375,205
1166,515,376,205
1033,363,377,205
260,242,378,205
421,232,379,205
1640,231,380,205
1724,755,381,205
2346,284,382,205
859,57,383,205
1484,510,384,205
938,202,385,205
1601,1909,386,205
1732,378,387,205
138,333,388,205
2,1693,389,205
227,775,390,205
877,1932,391,205
1646,706,392,205
550,300,393,205
381,655,394,205
1725,278,395,205
1044,550,396,205
2543,525,397,205
1904,1754,398,205
504,722,399,205
2387,1046,400,205
2509,1426,401,205
1298,296,402,205
763,1934,403,205
830,969,404,205
1032,1160,405,205
1327,1012,406,205
2560,709,407,205
1938,1860,408,205
311,1911,409,205
533,186,410,205
387,340,411,205
1159,678,412,205
2354,1593,413,205
2442,248,414,205
2198,332,415,205
767,807,416,205
1765,1151,417,205
2547,1607,418,205
654,311,419,205
2558,987,420,205
2416,382,421,205
1372,1648,422,205
1672,1109,423,205
535,1738,424,205
1182,69,425,205
2257,695,426,205
2086,193,427,205
1883,232,428,205
488,361,429,205
1179,1003,430,205
1519,1289,431,205
1229,1523,432,205
2064,80,433,205
2252,1452,434,205
1858,1036,435,205
528,618,436,205
2464,810,437,205
1602,94,438,205
1950,1010,439,205
1784,1032,440,205
615,1679,441,205
1917,1880,442,205
1033,1747,443,205
1067,1478,444,205
1553,44,445,205
2260,233,446,205
559,1443,447,205
1993,789,448,205
2396,1447,449,205
2104,821,450,205
2491,619,451,205
850,447,452,205
1682,1896,453,205
2400,650,454,205
1579,1530,455,205
2589,935,456,205
1981,671,457,205
1464,1143,458,205
1347,1725,459,205
1611,1569,460,205
1619,340,461,205
2305,148,462,205
177,1609,463,205
1168,4,464,205
2461,1129,465,205
1977,1561,466,205
2022,1515,467,205
2565,58,468,205
168,706,469,205
44,701,470,205
1674,1942,471,205
2287,1444,472,205
